,location_id,date,daily_avg_temp
0,0,2023-01-01,2.1
1,0,2023-01-02,-0.27499999999999997
2,0,2023-01-03,-0.85
3,0,2023-01-04,-2.558333333333333
4,0,2023-01-05,-6.720833333333334
5,0,2023-01-06,-21.97083333333333
6,0,2023-01-07,-23.633333333333336
7,0,2023-01-08,-18.533333333333335
8,0,2023-01-09,-18.391666666666666
9,0,2023-01-10,-15.725
10,0,2023-01-11,-11.862499999999999
11,0,2023-01-12,-8.733333333333333
12,0,2023-01-13,-5.575
13,0,2023-01-14,-3.0208333333333335
14,0,2023-01-15,-2.8249999999999997
15,0,2023-01-16,-4.283333333333333
16,0,2023-01-17,-1.325
17,0,2023-01-18,-0.3
18,0,2023-01-19,1.2083333333333333
19,0,2023-01-20,2.558333333333333
20,0,2023-01-21,-2.2958333333333334
21,0,2023-01-22,-3.85
22,0,2023-01-23,-3.4125
23,0,2023-01-24,-2.191666666666667
24,0,2023-01-25,-1.6791666666666665
25,0,2023-01-26,-2.4375
26,0,2023-01-27,-2.6083333333333334
27,0,2023-01-28,-2.704166666666667
28,0,2023-01-29,-3.5708333333333333
29,0,2023-01-30,-2.6374999999999997
30,0,2023-01-31,-1.0875000000000001
31,0,2023-02-01,-0.6291666666666667
32,0,2023-02-02,-1.9208333333333334
33,0,2023-02-03,-0.9
34,0,2023-02-04,-1.3875
35,0,2023-02-05,-2.8666666666666667
36,0,2023-02-06,-5.4375
37,0,2023-02-07,-5.9375
38,0,2023-02-08,-6.370833333333334
39,0,2023-02-09,-2.0458333333333334
40,0,2023-02-10,-3.1333333333333333
41,0,2023-02-11,-2.4833333333333334
42,0,2023-02-12,-4.154166666666667
43,0,2023-02-13,-4.041666666666667
44,0,2023-02-14,0.09999999999999999
45,0,2023-02-15,-3.4291666666666667
46,0,2023-02-16,-5.5249999999999995
47,0,2023-02-17,-7.133333333333333
48,0,2023-02-18,-7.5249999999999995
49,0,2023-02-19,-6.870833333333334
50,0,2023-02-20,-7.541666666666667
51,0,2023-02-21,-13.133333333333333
52,0,2023-02-22,-14.954166666666666
53,0,2023-02-23,-12.858333333333334
54,0,2023-02-24,-7.108333333333333
55,0,2023-02-25,-0.4375
56,0,2023-02-26,0.4708333333333334
57,0,2023-02-27,-4.2124999999999995
58,0,2023-02-28,-5.520833333333333
59,0,2023-03-01,-5.216666666666667
60,0,2023-03-02,-3.404166666666667
61,0,2023-03-03,-0.4958333333333333
62,0,2023-03-04,-1.4875
63,0,2023-03-05,-2.0124999999999997
64,0,2023-03-06,-3.029166666666667
65,0,2023-03-07,-4.316666666666666
66,0,2023-03-08,-4.5625
67,0,2023-03-09,-2.0
68,0,2023-03-10,-5.391666666666667
69,0,2023-03-11,-5.254166666666666
70,0,2023-03-12,1.1666666666666667
71,0,2023-03-13,-3.8708333333333336
72,0,2023-03-14,0.42916666666666664
73,0,2023-03-15,4.533333333333333
74,0,2023-03-16,1.9000000000000001
75,0,2023-03-17,1.2583333333333333
76,0,2023-03-18,-1.6458333333333333
77,0,2023-03-19,-1.7083333333333333
78,0,2023-03-20,0.5
79,0,2023-03-21,3.516666666666667
80,0,2023-03-22,3.9291666666666667
81,0,2023-03-23,6.041666666666667
82,0,2023-03-24,6.55
83,0,2023-03-25,6.545833333333333
84,0,2023-03-26,5.733333333333333
85,0,2023-03-27,5.504166666666666
86,0,2023-03-28,5.3
87,0,2023-03-29,6.3
88,0,2023-03-30,4.279166666666667
89,0,2023-03-31,1.1125
90,0,2023-04-01,4.1625000000000005
91,0,2023-04-02,7.308333333333334
92,0,2023-04-03,9.041666666666666
93,0,2023-04-04,9.633333333333333
94,0,2023-04-05,8.154166666666667
95,0,2023-04-06,8.108333333333333
96,0,2023-04-07,6.445833333333334
97,0,2023-04-08,7.2625
98,0,2023-04-09,9.029166666666667
99,0,2023-04-10,9.320833333333333
100,0,2023-04-11,10.079166666666667
101,0,2023-04-12,10.954166666666666
102,0,2023-04-13,12.008333333333333
103,0,2023-04-14,5.341666666666666
104,0,2023-04-15,4.375
105,0,2023-04-16,7.179166666666667
106,0,2023-04-17,10.104166666666666
107,0,2023-04-18,11.104166666666666
108,0,2023-04-19,12.041666666666666
109,0,2023-04-20,12.3125
110,0,2023-04-21,11.2875
111,0,2023-04-22,11.054166666666667
112,0,2023-04-23,12.666666666666666
113,0,2023-04-24,14.416666666666666
114,0,2023-04-25,15.095833333333333
115,0,2023-04-26,12.424999999999999
116,0,2023-04-27,14.75
117,0,2023-04-28,11.720833333333333
118,0,2023-04-29,7.4125000000000005
119,0,2023-04-30,7.091666666666666
120,0,2023-05-01,7.604166666666667
121,0,2023-05-02,9.200000000000001
122,0,2023-05-03,11.029166666666667
123,0,2023-05-04,10.049999999999999
124,0,2023-05-05,6.883333333333333
125,0,2023-05-06,3.529166666666667
126,0,2023-05-07,4.383333333333334
127,0,2023-05-08,6.516666666666667
128,0,2023-05-09,8.9625
129,0,2023-05-10,11.9375
130,0,2023-05-11,14.266666666666666
131,0,2023-05-12,15.741666666666667
132,0,2023-05-13,17.095833333333335
133,0,2023-05-14,14.066666666666668
134,0,2023-05-15,14.35
135,0,2023-05-16,15.279166666666667
136,0,2023-05-17,18.166666666666668
137,0,2023-05-18,18.991666666666667
138,0,2023-05-19,14.016666666666666
139,0,2023-05-20,12.445833333333333
140,0,2023-05-21,12.7875
141,0,2023-05-22,14.862499999999999
142,0,2023-05-23,16.554166666666667
143,0,2023-05-24,17.966666666666665
144,0,2023-05-25,16.770833333333332
145,0,2023-05-26,19.675
146,0,2023-05-27,17.912499999999998
147,0,2023-05-28,12.916666666666666
148,0,2023-05-29,15.9125
149,0,2023-05-30,17.358333333333334
150,0,2023-05-31,11.891666666666666
151,0,2023-06-01,15.695833333333333
152,0,2023-06-02,17.3875
153,0,2023-06-03,9.674999999999999
154,0,2023-06-04,10.695833333333333
155,0,2023-06-05,13.258333333333333
156,0,2023-06-06,15.674999999999999
157,0,2023-06-07,17.962500000000002
158,0,2023-06-08,18.533333333333335
159,0,2023-06-09,18.891666666666666
160,0,2023-06-10,13.495833333333332
161,0,2023-06-11,12.591666666666667
162,0,2023-06-12,14.545833333333334
163,0,2023-06-13,16.958333333333332
164,0,2023-06-14,18.958333333333332
165,0,2023-06-15,20.479166666666668
166,0,2023-06-16,22.416666666666668
167,0,2023-06-17,21.72083333333333
168,0,2023-06-18,19.883333333333333
169,0,2023-06-19,18.054166666666667
170,0,2023-06-20,18.825
171,0,2023-06-21,17.575
172,0,2023-06-22,19.0625
173,0,2023-06-23,16.183333333333334
174,0,2023-06-24,17.029166666666665
175,0,2023-06-25,18.695833333333333
176,0,2023-06-26,20.379166666666666
177,0,2023-06-27,18.8
178,0,2023-06-28,17.620833333333334
179,0,2023-06-29,17.420833333333334
180,0,2023-06-30,16.245833333333334
181,0,2023-07-01,20.175
182,0,2023-07-02,20.216666666666665
183,0,2023-07-03,20.45
184,0,2023-07-04,21.233333333333334
185,0,2023-07-05,21.704166666666666
186,0,2023-07-06,23.333333333333332
187,0,2023-07-07,23.520833333333332
188,0,2023-07-08,20.474999999999998
189,0,2023-07-09,20.462500000000002
190,0,2023-07-10,17.183333333333334
191,0,2023-07-11,14.5375
192,0,2023-07-12,13.733333333333334
193,0,2023-07-13,14.137500000000001
194,0,2023-07-14,15.383333333333333
195,0,2023-07-15,16.1375
196,0,2023-07-16,19.087500000000002
197,0,2023-07-17,21.791666666666668
198,0,2023-07-18,21.508333333333336
199,0,2023-07-19,16.816666666666666
200,0,2023-07-20,17.287499999999998
201,0,2023-07-21,18.016666666666666
202,0,2023-07-22,18.633333333333333
203,0,2023-07-23,17.366666666666667
204,0,2023-07-24,16.05
205,0,2023-07-25,19.400000000000002
206,0,2023-07-26,20.9875
207,0,2023-07-27,20.970833333333335
208,0,2023-07-28,20.587500000000002
209,0,2023-07-29,15.950000000000001
210,0,2023-07-30,18.787499999999998
211,0,2023-07-31,20.662499999999998
212,0,2023-08-01,22.004166666666666
213,0,2023-08-02,21.900000000000002
214,0,2023-08-03,23.895833333333332
215,0,2023-08-04,24.791666666666668
216,0,2023-08-05,24.28333333333333
217,0,2023-08-06,26.045833333333334
218,0,2023-08-07,25.712500000000002
219,0,2023-08-08,23.0
220,0,2023-08-09,20.912499999999998
221,0,2023-08-10,19.991666666666667
222,0,2023-08-11,21.166666666666668
223,0,2023-08-12,21.483333333333334
224,0,2023-08-13,19.033333333333335
225,0,2023-08-14,19.308333333333334
226,0,2023-08-15,21.379166666666666
227,0,2023-08-16,21.412499999999998
228,0,2023-08-17,22.058333333333334
229,0,2023-08-18,22.979166666666668
230,0,2023-08-19,22.787499999999998
231,0,2023-08-20,20.962500000000002
232,0,2023-08-21,17.304166666666667
233,0,2023-08-22,16.704166666666666
234,0,2023-08-23,15.804166666666667
235,0,2023-08-24,14.179166666666667
236,0,2023-08-25,14.645833333333334
237,0,2023-08-26,14.058333333333332
238,0,2023-08-27,15.995833333333332
239,0,2023-08-28,16.295833333333334
240,0,2023-08-29,13.670833333333334
241,0,2023-08-30,17.016666666666666
242,0,2023-08-31,19.320833333333333
243,0,2023-09-01,21.45
244,0,2023-09-02,18.1875
245,0,2023-09-03,17.754166666666666
246,0,2023-09-04,16.754166666666666
247,0,2023-09-05,16.5625
248,0,2023-09-06,16.245833333333334
249,0,2023-09-07,12.341666666666667
250,0,2023-09-08,11.625
251,0,2023-09-09,11.775
252,0,2023-09-10,13.995833333333332
253,0,2023-09-11,13.483333333333334
254,0,2023-09-12,13.112499999999999
255,0,2023-09-13,13.875
256,0,2023-09-14,13.866666666666667
257,0,2023-09-15,14.479166666666666
258,0,2023-09-16,12.445833333333333
259,0,2023-09-17,10.604166666666666
260,0,2023-09-18,12.879166666666668
261,0,2023-09-19,14.0375
262,0,2023-09-20,18.141666666666666
263,0,2023-09-21,17.0
264,0,2023-09-22,18.783333333333335
265,0,2023-09-23,18.195833333333333
266,0,2023-09-24,18.775000000000002
267,0,2023-09-25,15.720833333333333
268,0,2023-09-26,11.975
269,0,2023-09-27,12.170833333333333
270,0,2023-09-28,13.870833333333332
271,0,2023-09-29,16.379166666666666
272,0,2023-09-30,16.116666666666667
273,0,2023-10-01,13.641666666666666
274,0,2023-10-02,10.870833333333332
275,0,2023-10-03,11.320833333333333
276,0,2023-10-04,13.845833333333333
277,0,2023-10-05,10.816666666666668
278,0,2023-10-06,8.558333333333334
279,0,2023-10-07,4.3875
280,0,2023-10-08,4.091666666666667
281,0,2023-10-09,2.970833333333333
282,0,2023-10-10,2.058333333333333
283,0,2023-10-11,3.391666666666667
284,0,2023-10-12,8.820833333333333
285,0,2023-10-13,9.4625
286,0,2023-10-14,8.85
287,0,2023-10-15,11.8125
288,0,2023-10-16,6.7625
289,0,2023-10-17,3.591666666666667
290,0,2023-10-18,4.6625000000000005
291,0,2023-10-19,5.1125
292,0,2023-10-20,4.729166666666667
293,0,2023-10-21,2.5083333333333333
294,0,2023-10-22,1.3166666666666667
295,0,2023-10-23,3.8625000000000003
296,0,2023-10-24,1.5416666666666667
297,0,2023-10-25,-0.27499999999999997
298,0,2023-10-26,-1.1208333333333333
299,0,2023-10-27,-1.3208333333333333
300,0,2023-10-28,-0.35000000000000003
301,0,2023-10-29,0.17916666666666667
302,0,2023-10-30,1.7666666666666666
303,0,2023-10-31,8.233333333333333
304,0,2023-11-01,11.779166666666667
305,0,2023-11-02,8.025
306,0,2023-11-03,2.3833333333333333
307,0,2023-11-04,2.4499999999999997
308,0,2023-11-05,9.191666666666666
309,0,2023-11-06,9.866666666666667
310,0,2023-11-07,8.895833333333334
311,0,2023-11-08,7.2124999999999995
312,0,2023-11-09,5.05
313,0,2023-11-10,5.425
314,0,2023-11-11,4.5375000000000005
315,0,2023-11-12,4.541666666666667
316,0,2023-11-13,4.545833333333333
317,0,2023-11-14,3.658333333333333
318,0,2023-11-15,2.058333333333333
319,0,2023-11-16,0.4041666666666666
320,0,2023-11-17,-2.7375000000000003
321,0,2023-11-18,-6.508333333333333
322,0,2023-11-19,-7.920833333333333
323,0,2023-11-20,-7.1875
324,0,2023-11-21,-8.4375
325,0,2023-11-22,-8.233333333333333
326,0,2023-11-23,-8.362499999999999
327,0,2023-11-24,-7.016666666666667
328,0,2023-11-25,-7.091666666666666
329,0,2023-11-26,-5.641666666666667
330,0,2023-11-27,-1.4708333333333332
331,0,2023-11-28,-4.341666666666667
332,0,2023-11-29,-5.7749999999999995
333,0,2023-11-30,-2.5541666666666667
334,0,2023-12-01,-4.729166666666667
335,0,2023-12-02,-5.625
336,0,2023-12-03,-6.183333333333334
337,0,2023-12-04,-7.416666666666667
338,0,2023-12-05,-9.5
339,0,2023-12-06,-10.133333333333333
340,0,2023-12-07,-12.1
341,0,2023-12-08,-13.6
342,0,2023-12-09,-14.454166666666666
343,0,2023-12-10,-12.154166666666667
344,0,2023-12-11,-8.2875
345,0,2023-12-12,-7.504166666666666
346,0,2023-12-13,-11.137500000000001
347,0,2023-12-14,-11.141666666666666
348,0,2023-12-15,-8.2875
349,0,2023-12-16,-7.583333333333333
350,0,2023-12-17,-2.0
351,0,2023-12-18,-0.06250000000000001
352,0,2023-12-19,2.2333333333333334
353,0,2023-12-20,2.35
354,0,2023-12-21,0.7333333333333333
355,0,2023-12-22,-0.4166666666666667
356,0,2023-12-23,0.9541666666666667
357,0,2023-12-24,-1.1791666666666667
358,0,2023-12-25,-2.35
359,0,2023-12-26,-1.3583333333333334
360,0,2023-12-27,-2.5124999999999997
361,0,2023-12-28,-3.4125
362,0,2023-12-29,-2.3541666666666665
363,0,2023-12-30,1.8083333333333333
364,0,2023-12-31,-1.7458333333333333
365,1,2023-01-01,2.733333333333333
366,1,2023-01-02,-0.016666666666666673
367,1,2023-01-03,-1.4708333333333332
368,1,2023-01-04,-3.2708333333333335
369,1,2023-01-05,-8.2125
370,1,2023-01-06,-7.983333333333333
371,1,2023-01-07,-8.545833333333333
372,1,2023-01-08,-14.366666666666667
373,1,2023-01-09,-11.233333333333334
374,1,2023-01-10,-7.983333333333333
375,1,2023-01-11,-2.6958333333333333
376,1,2023-01-12,-3.7458333333333336
377,1,2023-01-13,-0.3
378,1,2023-01-14,1.6666666666666667
379,1,2023-01-15,2.1999999999999997
380,1,2023-01-16,2.0708333333333333
381,1,2023-01-17,1.1583333333333334
382,1,2023-01-18,1.7083333333333333
383,1,2023-01-19,2.525
384,1,2023-01-20,1.1083333333333334
385,1,2023-01-21,-0.9708333333333333
386,1,2023-01-22,-3.0583333333333336
387,1,2023-01-23,-4.170833333333333
388,1,2023-01-24,-2.1791666666666667
389,1,2023-01-25,0.6833333333333335
390,1,2023-01-26,2.0166666666666666
391,1,2023-01-27,-1.1083333333333334
392,1,2023-01-28,-3.4499999999999997
393,1,2023-01-29,-0.4666666666666666
394,1,2023-01-30,1.4333333333333333
395,1,2023-01-31,0.7541666666666668
396,1,2023-02-01,0.46249999999999997
397,1,2023-02-02,-0.4708333333333334
398,1,2023-02-03,-2.0875
399,1,2023-02-04,-2.970833333333333
400,1,2023-02-05,-4.708333333333333
401,1,2023-02-06,-2.2916666666666665
402,1,2023-02-07,-2.066666666666667
403,1,2023-02-08,0.04583333333333334
404,1,2023-02-09,0.7625000000000001
405,1,2023-02-10,-0.12916666666666665
406,1,2023-02-11,-1.0125
407,1,2023-02-12,-2.5166666666666666
408,1,2023-02-13,1.6375
409,1,2023-02-14,1.3791666666666667
410,1,2023-02-15,1.2708333333333333
411,1,2023-02-16,0.4791666666666667
412,1,2023-02-17,-3.1916666666666664
413,1,2023-02-18,-3.1958333333333333
414,1,2023-02-19,-3.9125
415,1,2023-02-20,-5.595833333333334
416,1,2023-02-21,-9.325000000000001
417,1,2023-02-22,-10.095833333333333
418,1,2023-02-23,-8.691666666666666
419,1,2023-02-24,-4.295833333333333
420,1,2023-02-25,-3.3666666666666667
421,1,2023-02-26,-4.416666666666667
422,1,2023-02-27,-5.179166666666666
423,1,2023-02-28,0.4916666666666667
424,1,2023-03-01,-2.15
425,1,2023-03-02,-0.6708333333333334
426,1,2023-03-03,0.3458333333333334
427,1,2023-03-04,-0.32916666666666666
428,1,2023-03-05,-0.8291666666666667
429,1,2023-03-06,-1.9458333333333335
430,1,2023-03-07,-3.5833333333333335
431,1,2023-03-08,-3.0708333333333333
432,1,2023-03-09,-4.3374999999999995
433,1,2023-03-10,-6.045833333333333
434,1,2023-03-11,-6.879166666666666
435,1,2023-03-12,-3.8708333333333336
436,1,2023-03-13,-2.1041666666666665
437,1,2023-03-14,3.329166666666667
438,1,2023-03-15,3.579166666666667
439,1,2023-03-16,-0.7041666666666667
440,1,2023-03-17,-2.0333333333333337
441,1,2023-03-18,1.7291666666666667
442,1,2023-03-19,3.375
443,1,2023-03-20,5.558333333333334
444,1,2023-03-21,3.275
445,1,2023-03-22,2.129166666666667
446,1,2023-03-23,7.216666666666666
447,1,2023-03-24,5.354166666666667
448,1,2023-03-25,4.745833333333334
449,1,2023-03-26,1.7791666666666668
450,1,2023-03-27,-0.22499999999999998
451,1,2023-03-28,0.65
452,1,2023-03-29,-0.3875
453,1,2023-03-30,-1.325
454,1,2023-03-31,0.5125000000000001
455,1,2023-04-01,-0.008333333333333342
456,1,2023-04-02,-0.004166666666666675
457,1,2023-04-03,-0.8083333333333332
458,1,2023-04-04,-0.725
459,1,2023-04-05,2.3625000000000003
460,1,2023-04-06,4.558333333333334
461,1,2023-04-07,4.795833333333333
462,1,2023-04-08,6.066666666666666
463,1,2023-04-09,6.554166666666667
464,1,2023-04-10,7.8875
465,1,2023-04-11,9.908333333333333
466,1,2023-04-12,10.075000000000001
467,1,2023-04-13,4.895833333333333
468,1,2023-04-14,4.4375
469,1,2023-04-15,4.804166666666666
470,1,2023-04-16,7.354166666666667
471,1,2023-04-17,8.875
472,1,2023-04-18,8.329166666666667
473,1,2023-04-19,7.504166666666666
474,1,2023-04-20,7.991666666666667
475,1,2023-04-21,9.137500000000001
476,1,2023-04-22,11.229166666666666
477,1,2023-04-23,11.833333333333334
478,1,2023-04-24,14.841666666666667
479,1,2023-04-25,15.820833333333333
480,1,2023-04-26,15.608333333333334
481,1,2023-04-27,9.508333333333333
482,1,2023-04-28,7.045833333333333
483,1,2023-04-29,6.570833333333333
484,1,2023-04-30,7.066666666666666
485,1,2023-05-01,6.925
486,1,2023-05-02,10.3375
487,1,2023-05-03,7.470833333333334
488,1,2023-05-04,5.158333333333333
489,1,2023-05-05,3.1833333333333336
490,1,2023-05-06,4.6499999999999995
491,1,2023-05-07,7.691666666666666
492,1,2023-05-08,9.4375
493,1,2023-05-09,11.7875
494,1,2023-05-10,12.883333333333333
495,1,2023-05-11,13.2875
496,1,2023-05-12,14.170833333333334
497,1,2023-05-13,15.704166666666666
498,1,2023-05-14,16.587500000000002
499,1,2023-05-15,18.7625
500,1,2023-05-16,17.95
501,1,2023-05-17,17.070833333333333
502,1,2023-05-18,12.083333333333334
503,1,2023-05-19,11.766666666666666
504,1,2023-05-20,14.4
505,1,2023-05-21,16.962500000000002
506,1,2023-05-22,14.754166666666668
507,1,2023-05-23,16.829166666666666
508,1,2023-05-24,19.758333333333333
509,1,2023-05-25,19.670833333333334
510,1,2023-05-26,15.4375
511,1,2023-05-27,12.362499999999999
512,1,2023-05-28,14.545833333333334
513,1,2023-05-29,14.575000000000001
514,1,2023-05-30,13.183333333333332
515,1,2023-05-31,13.225
516,1,2023-06-01,12.304166666666667
517,1,2023-06-02,9.129166666666666
518,1,2023-06-03,9.737499999999999
519,1,2023-06-04,11.7125
520,1,2023-06-05,14.049999999999999
521,1,2023-06-06,15.245833333333332
522,1,2023-06-07,14.116666666666667
523,1,2023-06-08,15.558333333333332
524,1,2023-06-09,12.883333333333333
525,1,2023-06-10,13.329166666666666
526,1,2023-06-11,15.725
527,1,2023-06-12,18.6125
528,1,2023-06-13,20.733333333333334
529,1,2023-06-14,21.145833333333332
530,1,2023-06-15,22.191666666666666
531,1,2023-06-16,23.2
532,1,2023-06-17,23.179166666666664
533,1,2023-06-18,19.520833333333332
534,1,2023-06-19,20.599999999999998
535,1,2023-06-20,21.037499999999998
536,1,2023-06-21,22.125
537,1,2023-06-22,23.679166666666664
538,1,2023-06-23,19.991666666666667
539,1,2023-06-24,20.108333333333334
540,1,2023-06-25,19.145833333333332
541,1,2023-06-26,20.75
542,1,2023-06-27,21.52916666666667
543,1,2023-06-28,22.945833333333336
544,1,2023-06-29,23.349999999999998
545,1,2023-06-30,21.791666666666668
546,1,2023-07-01,21.179166666666667
547,1,2023-07-02,18.599999999999998
548,1,2023-07-03,17.579166666666666
549,1,2023-07-04,17.400000000000002
550,1,2023-07-05,18.0125
551,1,2023-07-06,20.962500000000002
552,1,2023-07-07,19.020833333333332
553,1,2023-07-08,18.108333333333334
554,1,2023-07-09,16.204166666666666
555,1,2023-07-10,15.525
556,1,2023-07-11,17.470833333333335
557,1,2023-07-12,19.224999999999998
558,1,2023-07-13,19.6375
559,1,2023-07-14,19.7
560,1,2023-07-15,19.895833333333332
561,1,2023-07-16,22.53333333333333
562,1,2023-07-17,22.495833333333334
563,1,2023-07-18,19.916666666666668
564,1,2023-07-19,18.729166666666668
565,1,2023-07-20,18.545833333333334
566,1,2023-07-21,18.141666666666666
567,1,2023-07-22,18.6125
568,1,2023-07-23,18.433333333333334
569,1,2023-07-24,18.016666666666666
570,1,2023-07-25,20.337500000000002
571,1,2023-07-26,17.829166666666666
572,1,2023-07-27,18.954166666666666
573,1,2023-07-28,15.970833333333333
574,1,2023-07-29,17.791666666666668
575,1,2023-07-30,20.604166666666668
576,1,2023-07-31,21.004166666666666
577,1,2023-08-01,21.620833333333334
578,1,2023-08-02,22.558333333333334
579,1,2023-08-03,20.383333333333333
580,1,2023-08-04,21.05
581,1,2023-08-05,20.970833333333335
582,1,2023-08-06,23.183333333333334
583,1,2023-08-07,28.2625
584,1,2023-08-08,24.633333333333336
585,1,2023-08-09,21.5
586,1,2023-08-10,22.004166666666666
587,1,2023-08-11,22.229166666666668
588,1,2023-08-12,21.479166666666668
589,1,2023-08-13,20.820833333333333
590,1,2023-08-14,20.1875
591,1,2023-08-15,20.908333333333335
592,1,2023-08-16,23.5625
593,1,2023-08-17,22.816666666666666
594,1,2023-08-18,19.795833333333334
595,1,2023-08-19,17.120833333333334
596,1,2023-08-20,18.054166666666667
597,1,2023-08-21,18.891666666666666
598,1,2023-08-22,17.9875
599,1,2023-08-23,16.270833333333332
600,1,2023-08-24,15.145833333333334
601,1,2023-08-25,17.245833333333334
602,1,2023-08-26,17.883333333333333
603,1,2023-08-27,18.408333333333335
604,1,2023-08-28,18.041666666666668
605,1,2023-08-29,17.716666666666665
606,1,2023-08-30,18.529166666666665
607,1,2023-08-31,20.875
608,1,2023-09-01,19.866666666666667
609,1,2023-09-02,19.229166666666668
610,1,2023-09-03,17.037499999999998
611,1,2023-09-04,17.45
612,1,2023-09-05,17.304166666666667
613,1,2023-09-06,15.520833333333334
614,1,2023-09-07,14.520833333333334
615,1,2023-09-08,16.900000000000002
616,1,2023-09-09,16.820833333333333
617,1,2023-09-10,18.525000000000002
618,1,2023-09-11,20.2
619,1,2023-09-12,20.375
620,1,2023-09-13,20.962500000000002
621,1,2023-09-14,16.120833333333334
622,1,2023-09-15,13.200000000000001
623,1,2023-09-16,13.958333333333334
624,1,2023-09-17,14.341666666666667
625,1,2023-09-18,12.429166666666667
626,1,2023-09-19,14.125
627,1,2023-09-20,17.233333333333334
628,1,2023-09-21,18.470833333333335
629,1,2023-09-22,18.75
630,1,2023-09-23,20.070833333333333
631,1,2023-09-24,16.908333333333335
632,1,2023-09-25,14.604166666666666
633,1,2023-09-26,14.262500000000001
634,1,2023-09-27,15.404166666666667
635,1,2023-09-28,16.341666666666665
636,1,2023-09-29,17.529166666666665
637,1,2023-09-30,16.829166666666666
638,1,2023-10-01,13.491666666666667
639,1,2023-10-02,12.545833333333334
640,1,2023-10-03,12.570833333333333
641,1,2023-10-04,12.554166666666667
642,1,2023-10-05,10.870833333333332
643,1,2023-10-06,7.608333333333333
644,1,2023-10-07,5.795833333333333
645,1,2023-10-08,3.3249999999999997
646,1,2023-10-09,4.1875
647,1,2023-10-10,3.841666666666667
648,1,2023-10-11,6.483333333333333
649,1,2023-10-12,10.549999999999999
650,1,2023-10-13,9.4
651,1,2023-10-14,10.520833333333334
652,1,2023-10-15,9.070833333333333
653,1,2023-10-16,6.433333333333334
654,1,2023-10-17,5.741666666666667
655,1,2023-10-18,3.4499999999999997
656,1,2023-10-19,2.6791666666666667
657,1,2023-10-20,2.6041666666666665
658,1,2023-10-21,1.3041666666666667
659,1,2023-10-22,1.25
660,1,2023-10-23,2.6833333333333336
661,1,2023-10-24,2.3125
662,1,2023-10-25,1.3208333333333333
663,1,2023-10-26,-0.7208333333333333
664,1,2023-10-27,-0.9541666666666666
665,1,2023-10-28,-0.12916666666666668
666,1,2023-10-29,0.30416666666666664
667,1,2023-10-30,0.3416666666666666
668,1,2023-10-31,0.23750000000000002
669,1,2023-11-01,5.5125
670,1,2023-11-02,3.8000000000000003
671,1,2023-11-03,2.0500000000000003
672,1,2023-11-04,4.045833333333333
673,1,2023-11-05,5.916666666666667
674,1,2023-11-06,6.316666666666666
675,1,2023-11-07,6.5125
676,1,2023-11-08,7.216666666666666
677,1,2023-11-09,6.391666666666667
678,1,2023-11-10,6.1875
679,1,2023-11-11,6.625
680,1,2023-11-12,5.808333333333334
681,1,2023-11-13,2.4875000000000003
682,1,2023-11-14,0.5708333333333334
683,1,2023-11-15,0.8666666666666667
684,1,2023-11-16,-1.7041666666666666
685,1,2023-11-17,-2.125
686,1,2023-11-18,-3.9916666666666667
687,1,2023-11-19,-4.4
688,1,2023-11-20,-4.354166666666667
689,1,2023-11-21,-4.4750000000000005
690,1,2023-11-22,-4.933333333333334
691,1,2023-11-23,-3.233333333333333
692,1,2023-11-24,-3.25
693,1,2023-11-25,-5.704166666666667
694,1,2023-11-26,-7.4875
695,1,2023-11-27,-4.075
696,1,2023-11-28,-1.95
697,1,2023-11-29,-4.295833333333333
698,1,2023-11-30,-3.904166666666667
699,1,2023-12-01,-3.220833333333333
700,1,2023-12-02,-4.4750000000000005
701,1,2023-12-03,-6.095833333333334
702,1,2023-12-04,-4.945833333333334
703,1,2023-12-05,-5.5625
704,1,2023-12-06,-9.345833333333333
705,1,2023-12-07,-11.3125
706,1,2023-12-08,-11.475
707,1,2023-12-09,-9.695833333333333
708,1,2023-12-10,-9.791666666666666
709,1,2023-12-11,-8.708333333333334
710,1,2023-12-12,-5.429166666666667
711,1,2023-12-13,-2.4250000000000003
712,1,2023-12-14,-3.525
713,1,2023-12-15,-4.970833333333333
714,1,2023-12-16,-2.9375
715,1,2023-12-17,1.2291666666666667
716,1,2023-12-18,1.4749999999999999
717,1,2023-12-19,3.220833333333333
718,1,2023-12-20,1.75
719,1,2023-12-21,0.6166666666666667
720,1,2023-12-22,0.44166666666666665
721,1,2023-12-23,0.8041666666666667
722,1,2023-12-24,-0.42083333333333334
723,1,2023-12-25,-1.2958333333333334
724,1,2023-12-26,-1.7208333333333332
725,1,2023-12-27,-2.283333333333333
726,1,2023-12-28,-1.8666666666666665
727,1,2023-12-29,-2.4541666666666666
728,1,2023-12-30,-3.8375000000000004
729,1,2023-12-31,-7.820833333333333
730,2,2023-01-01,-0.02500000000000001
731,2,2023-01-02,-0.24166666666666667
732,2,2023-01-03,-3.6666666666666665
733,2,2023-01-04,-6.904166666666666
734,2,2023-01-05,-10.820833333333333
735,2,2023-01-06,-25.175
736,2,2023-01-07,-27.670833333333334
737,2,2023-01-08,-22.679166666666664
738,2,2023-01-09,-28.8
739,2,2023-01-10,-27.641666666666666
740,2,2023-01-11,-18.229166666666668
741,2,2023-01-12,-10.816666666666668
742,2,2023-01-13,-6.408333333333334
743,2,2023-01-14,-5.595833333333334
744,2,2023-01-15,-7.608333333333333
745,2,2023-01-16,-8.670833333333333
746,2,2023-01-17,-7.3500000000000005
747,2,2023-01-18,-5.591666666666666
748,2,2023-01-19,-5.033333333333333
749,2,2023-01-20,-1.6708333333333334
750,2,2023-01-21,-5.491666666666667
751,2,2023-01-22,-7.466666666666666
752,2,2023-01-23,-8.770833333333334
753,2,2023-01-24,-10.1
754,2,2023-01-25,-4.958333333333333
755,2,2023-01-26,-3.2916666666666665
756,2,2023-01-27,-4.2250000000000005
757,2,2023-01-28,-4.104166666666667
758,2,2023-01-29,-5.5375000000000005
759,2,2023-01-30,-6.291666666666667
760,2,2023-01-31,-3.779166666666667
761,2,2023-02-01,-2.7624999999999997
762,2,2023-02-02,-3.3874999999999997
763,2,2023-02-03,-3.6875
764,2,2023-02-04,-3.3541666666666665
765,2,2023-02-05,-6.020833333333333
766,2,2023-02-06,-9.429166666666667
767,2,2023-02-07,-9.933333333333334
768,2,2023-02-08,-7.854166666666667
769,2,2023-02-09,-4.629166666666666
770,2,2023-02-10,-4.304166666666666
771,2,2023-02-11,-3.6041666666666665
772,2,2023-02-12,-4.683333333333334
773,2,2023-02-13,-6.8500000000000005
774,2,2023-02-14,-6.1125
775,2,2023-02-15,-7.2625
776,2,2023-02-16,-7.495833333333334
777,2,2023-02-17,-5.370833333333334
778,2,2023-02-18,-7.345833333333334
779,2,2023-02-19,-10.6
780,2,2023-02-20,-13.820833333333333
781,2,2023-02-21,-12.7125
782,2,2023-02-22,-13.975
783,2,2023-02-23,-13.333333333333334
784,2,2023-02-24,-11.237499999999999
785,2,2023-02-25,-3.8958333333333335
786,2,2023-02-26,0.6541666666666667
787,2,2023-02-27,-2.095833333333333
788,2,2023-02-28,-5.679166666666667
789,2,2023-03-01,-5.491666666666667
790,2,2023-03-02,-5.258333333333334
791,2,2023-03-03,-2.625
792,2,2023-03-04,-1.3208333333333333
793,2,2023-03-05,-1.7750000000000001
794,2,2023-03-06,-2.2624999999999997
795,2,2023-03-07,-3.525
796,2,2023-03-08,-3.6041666666666665
797,2,2023-03-09,0.36666666666666664
798,2,2023-03-10,-2.970833333333333
799,2,2023-03-11,-6.220833333333334
800,2,2023-03-12,2.620833333333333
801,2,2023-03-13,-1.8208333333333335
802,2,2023-03-14,-0.8916666666666666
803,2,2023-03-15,4.008333333333334
804,2,2023-03-16,3.079166666666667
805,2,2023-03-17,0.9375
806,2,2023-03-18,-2.0625
807,2,2023-03-19,-1.7875000000000003
808,2,2023-03-20,1.5125
809,2,2023-03-21,1.9749999999999999
810,2,2023-03-22,2.954166666666667
811,2,2023-03-23,4.4624999999999995
812,2,2023-03-24,5.841666666666666
813,2,2023-03-25,6.420833333333333
814,2,2023-03-26,7.866666666666667
815,2,2023-03-27,6.104166666666667
816,2,2023-03-28,4.9875
817,2,2023-03-29,2.6625
818,2,2023-03-30,4.795833333333333
819,2,2023-03-31,4.533333333333333
820,2,2023-04-01,3.0375
821,2,2023-04-02,6.6875
822,2,2023-04-03,8.641666666666667
823,2,2023-04-04,10.654166666666667
824,2,2023-04-05,11.2125
825,2,2023-04-06,7.445833333333333
826,2,2023-04-07,4.4750000000000005
827,2,2023-04-08,5.154166666666667
828,2,2023-04-09,7.091666666666666
829,2,2023-04-10,8.541666666666666
830,2,2023-04-11,9.049999999999999
831,2,2023-04-12,10.891666666666666
832,2,2023-04-13,9.891666666666667
833,2,2023-04-14,1.8125
834,2,2023-04-15,3.1374999999999997
835,2,2023-04-16,6.545833333333333
836,2,2023-04-17,9.908333333333333
837,2,2023-04-18,10.220833333333333
838,2,2023-04-19,10.6625
839,2,2023-04-20,11.591666666666667
840,2,2023-04-21,11.924999999999999
841,2,2023-04-22,10.799999999999999
842,2,2023-04-23,12.0375
843,2,2023-04-24,14.891666666666666
844,2,2023-04-25,13.679166666666667
845,2,2023-04-26,12.845833333333333
846,2,2023-04-27,13.700000000000001
847,2,2023-04-28,16.2
848,2,2023-04-29,13.904166666666667
849,2,2023-04-30,7.333333333333333
850,2,2023-05-01,10.741666666666667
851,2,2023-05-02,9.775
852,2,2023-05-03,12.783333333333333
853,2,2023-05-04,11.470833333333333
854,2,2023-05-05,9.545833333333333
855,2,2023-05-06,5.145833333333333
856,2,2023-05-07,3.4875000000000003
857,2,2023-05-08,5.858333333333333
858,2,2023-05-09,8.558333333333334
859,2,2023-05-10,11.345833333333333
860,2,2023-05-11,13.320833333333333
861,2,2023-05-12,14.733333333333334
862,2,2023-05-13,16.604166666666668
863,2,2023-05-14,12.479166666666666
864,2,2023-05-15,12.7875
865,2,2023-05-16,15.445833333333333
866,2,2023-05-17,17.9375
867,2,2023-05-18,19.258333333333333
868,2,2023-05-19,16.533333333333335
869,2,2023-05-20,12.545833333333334
870,2,2023-05-21,16.691666666666666
871,2,2023-05-22,19.629166666666666
872,2,2023-05-23,21.0125
873,2,2023-05-24,20.970833333333335
874,2,2023-05-25,22.429166666666664
875,2,2023-05-26,19.420833333333334
876,2,2023-05-27,19.504166666666666
877,2,2023-05-28,14.854166666666666
878,2,2023-05-29,15.091666666666667
879,2,2023-05-30,17.2625
880,2,2023-05-31,15.916666666666666
881,2,2023-06-01,15.591666666666667
882,2,2023-06-02,18.320833333333333
883,2,2023-06-03,20.175
884,2,2023-06-04,12.741666666666667
885,2,2023-06-05,13.566666666666668
886,2,2023-06-06,14.745833333333332
887,2,2023-06-07,16.233333333333334
888,2,2023-06-08,14.191666666666668
889,2,2023-06-09,16.912499999999998
890,2,2023-06-10,12.379166666666668
891,2,2023-06-11,11.566666666666668
892,2,2023-06-12,13.308333333333332
893,2,2023-06-13,15.845833333333333
894,2,2023-06-14,17.554166666666667
895,2,2023-06-15,20.2375
896,2,2023-06-16,21.412499999999998
897,2,2023-06-17,18.554166666666667
898,2,2023-06-18,15.004166666666668
899,2,2023-06-19,14.229166666666666
900,2,2023-06-20,13.620833333333332
901,2,2023-06-21,13.075000000000001
902,2,2023-06-22,13.583333333333334
903,2,2023-06-23,15.733333333333334
904,2,2023-06-24,13.387500000000001
905,2,2023-06-25,17.025000000000002
906,2,2023-06-26,18.620833333333334
907,2,2023-06-27,19.420833333333334
908,2,2023-06-28,19.920833333333334
909,2,2023-06-29,16.345833333333335
910,2,2023-06-30,16.1125
911,2,2023-07-01,16.7375
912,2,2023-07-02,19.916666666666668
913,2,2023-07-03,21.17083333333333
914,2,2023-07-04,21.6375
915,2,2023-07-05,22.400000000000002
916,2,2023-07-06,23.416666666666668
917,2,2023-07-07,24.65416666666667
918,2,2023-07-08,24.754166666666666
919,2,2023-07-09,18.412499999999998
920,2,2023-07-10,15.85
921,2,2023-07-11,11.625
922,2,2023-07-12,12.391666666666666
923,2,2023-07-13,13.808333333333332
924,2,2023-07-14,15.808333333333332
925,2,2023-07-15,19.016666666666666
926,2,2023-07-16,17.7625
927,2,2023-07-17,21.220833333333335
928,2,2023-07-18,22.59166666666667
929,2,2023-07-19,17.75
930,2,2023-07-20,17.379166666666666
931,2,2023-07-21,17.170833333333334
932,2,2023-07-22,18.2375
933,2,2023-07-23,19.275000000000002
934,2,2023-07-24,18.1125
935,2,2023-07-25,17.666666666666668
936,2,2023-07-26,21.575
937,2,2023-07-27,23.195833333333336
938,2,2023-07-28,26.2375
939,2,2023-07-29,24.383333333333336
940,2,2023-07-30,19.995833333333334
941,2,2023-07-31,17.904166666666665
942,2,2023-08-01,21.2
943,2,2023-08-02,21.90416666666667
944,2,2023-08-03,22.5125
945,2,2023-08-04,24.8125
946,2,2023-08-05,24.0625
947,2,2023-08-06,24.070833333333336
948,2,2023-08-07,24.133333333333336
949,2,2023-08-08,23.6375
950,2,2023-08-09,22.570833333333336
951,2,2023-08-10,23.429166666666664
952,2,2023-08-11,24.7625
953,2,2023-08-12,24.46666666666667
954,2,2023-08-13,23.829166666666666
955,2,2023-08-14,20.825
956,2,2023-08-15,20.5
957,2,2023-08-16,20.170833333333334
958,2,2023-08-17,22.583333333333332
959,2,2023-08-18,24.150000000000002
960,2,2023-08-19,20.779166666666665
961,2,2023-08-20,18.400000000000002
962,2,2023-08-21,16.775000000000002
963,2,2023-08-22,15.320833333333333
964,2,2023-08-23,14.220833333333333
965,2,2023-08-24,13.5375
966,2,2023-08-25,14.195833333333333
967,2,2023-08-26,13.920833333333334
968,2,2023-08-27,13.049999999999999
969,2,2023-08-28,11.145833333333334
970,2,2023-08-29,12.137500000000001
971,2,2023-08-30,14.979166666666666
972,2,2023-08-31,16.291666666666668
973,2,2023-09-01,17.970833333333335
974,2,2023-09-02,18.25
975,2,2023-09-03,18.354166666666668
976,2,2023-09-04,18.962500000000002
977,2,2023-09-05,17.5625
978,2,2023-09-06,15.825000000000001
979,2,2023-09-07,10.033333333333333
980,2,2023-09-08,8.858333333333333
981,2,2023-09-09,11.379166666666668
982,2,2023-09-10,13.770833333333334
983,2,2023-09-11,12.933333333333332
984,2,2023-09-12,13.116666666666667
985,2,2023-09-13,14.5
986,2,2023-09-14,14.695833333333333
987,2,2023-09-15,15.512500000000001
988,2,2023-09-16,14.745833333333332
989,2,2023-09-17,11.241666666666667
990,2,2023-09-18,12.070833333333333
991,2,2023-09-19,10.970833333333333
992,2,2023-09-20,17.025000000000002
993,2,2023-09-21,16.420833333333334
994,2,2023-09-22,18.3125
995,2,2023-09-23,19.133333333333333
996,2,2023-09-24,17.595833333333335
997,2,2023-09-25,14.833333333333334
998,2,2023-09-26,12.120833333333332
999,2,2023-09-27,11.6
1000,2,2023-09-28,12.049999999999999
1001,2,2023-09-29,14.487499999999999
1002,2,2023-09-30,14.6875
1003,2,2023-10-01,15.858333333333334
1004,2,2023-10-02,11.85
1005,2,2023-10-03,9.512500000000001
1006,2,2023-10-04,13.241666666666667
1007,2,2023-10-05,11.75
1008,2,2023-10-06,8.833333333333334
1009,2,2023-10-07,5.908333333333334
1010,2,2023-10-08,5.1375
1011,2,2023-10-09,3.216666666666667
1012,2,2023-10-10,2.9625
1013,2,2023-10-11,2.4125
1014,2,2023-10-12,5.5625
1015,2,2023-10-13,9.737499999999999
1016,2,2023-10-14,7.875
1017,2,2023-10-15,11.7875
1018,2,2023-10-16,9.383333333333333
1019,2,2023-10-17,3.9125
1020,2,2023-10-18,3.358333333333333
1021,2,2023-10-19,3.8625000000000003
1022,2,2023-10-20,4.270833333333333
1023,2,2023-10-21,0.9208333333333334
1024,2,2023-10-22,-1.0791666666666666
1025,2,2023-10-23,1.6041666666666667
1026,2,2023-10-24,-0.21666666666666667
1027,2,2023-10-25,-0.5375
1028,2,2023-10-26,-1.075
1029,2,2023-10-27,-2.0208333333333335
1030,2,2023-10-28,-1.1125
1031,2,2023-10-29,-1.0916666666666666
1032,2,2023-10-30,-0.4833333333333334
1033,2,2023-10-31,3.1333333333333333
1034,2,2023-11-01,7.366666666666667
1035,2,2023-11-02,8.9625
1036,2,2023-11-03,3.2583333333333333
1037,2,2023-11-04,2.191666666666667
1038,2,2023-11-05,4.491666666666666
1039,2,2023-11-06,8.083333333333334
1040,2,2023-11-07,8.6625
1041,2,2023-11-08,6.883333333333333
1042,2,2023-11-09,4.758333333333334
1043,2,2023-11-10,4.408333333333333
1044,2,2023-11-11,2.35
1045,2,2023-11-12,2.795833333333333
1046,2,2023-11-13,5.8125
1047,2,2023-11-14,4.375
1048,2,2023-11-15,2.341666666666667
1049,2,2023-11-16,-0.39166666666666666
1050,2,2023-11-17,-3.733333333333333
1051,2,2023-11-18,-6.520833333333333
1052,2,2023-11-19,-8.633333333333333
1053,2,2023-11-20,-8.25
1054,2,2023-11-21,-6.470833333333334
1055,2,2023-11-22,-8.674999999999999
1056,2,2023-11-23,-10.704166666666666
1057,2,2023-11-24,-10.4375
1058,2,2023-11-25,-6.808333333333334
1059,2,2023-11-26,-3.1208333333333336
1060,2,2023-11-27,0.8875000000000001
1061,2,2023-11-28,-2.408333333333333
1062,2,2023-11-29,-5.429166666666667
1063,2,2023-11-30,-4.3375
1064,2,2023-12-01,-5.079166666666667
1065,2,2023-12-02,-6.2875000000000005
1066,2,2023-12-03,-6.9875
1067,2,2023-12-04,-8.0875
1068,2,2023-12-05,-10.716666666666667
1069,2,2023-12-06,-13.0625
1070,2,2023-12-07,-15.950000000000001
1071,2,2023-12-08,-21.47083333333333
1072,2,2023-12-09,-22.854166666666668
1073,2,2023-12-10,-19.670833333333334
1074,2,2023-12-11,-14.441666666666668
1075,2,2023-12-12,-11.529166666666667
1076,2,2023-12-13,-14.549999999999999
1077,2,2023-12-14,-12.75
1078,2,2023-12-15,-9.791666666666666
1079,2,2023-12-16,-10.420833333333333
1080,2,2023-12-17,-6.283333333333334
1081,2,2023-12-18,-1.0250000000000001
1082,2,2023-12-19,-0.375
1083,2,2023-12-20,1.8041666666666665
1084,2,2023-12-21,1.4083333333333332
1085,2,2023-12-22,1.0416666666666667
1086,2,2023-12-23,1.0916666666666666
1087,2,2023-12-24,-1.0916666666666666
1088,2,2023-12-25,-2.5208333333333335
1089,2,2023-12-26,-3.6041666666666665
1090,2,2023-12-27,-3.4791666666666665
1091,2,2023-12-28,-5.833333333333333
1092,2,2023-12-29,-5.620833333333334
1093,2,2023-12-30,-5.070833333333334
1094,2,2023-12-31,-4.195833333333334
1095,3,2023-01-01,-3.233333333333333
1096,3,2023-01-02,0.012499999999999992
1097,3,2023-01-03,-2.220833333333333
1098,3,2023-01-04,-8.229166666666666
1099,3,2023-01-05,-10.454166666666667
1100,3,2023-01-06,-22.145833333333332
1101,3,2023-01-07,-28.2375
1102,3,2023-01-08,-24.8125
1103,3,2023-01-09,-29.433333333333334
1104,3,2023-01-10,-28.520833333333332
1105,3,2023-01-11,-23.825
1106,3,2023-01-12,-13.704166666666666
1107,3,2023-01-13,-13.512500000000001
1108,3,2023-01-14,-11.654166666666667
1109,3,2023-01-15,-13.7125
1110,3,2023-01-16,-13.904166666666667
1111,3,2023-01-17,-13.408333333333333
1112,3,2023-01-18,-11.1
1113,3,2023-01-19,-11.612499999999999
1114,3,2023-01-20,-9.616666666666667
1115,3,2023-01-21,-10.733333333333334
1116,3,2023-01-22,-11.541666666666666
1117,3,2023-01-23,-12.020833333333334
1118,3,2023-01-24,-12.816666666666668
1119,3,2023-01-25,-7.270833333333333
1120,3,2023-01-26,-4.504166666666666
1121,3,2023-01-27,-5.129166666666666
1122,3,2023-01-28,-4.05
1123,3,2023-01-29,-5.095833333333333
1124,3,2023-01-30,-6.770833333333333
1125,3,2023-01-31,-1.7291666666666667
1126,3,2023-02-01,-3.904166666666667
1127,3,2023-02-02,-9.383333333333333
1128,3,2023-02-03,-5.741666666666667
1129,3,2023-02-04,-6.5249999999999995
1130,3,2023-02-05,-9.8125
1131,3,2023-02-06,-10.083333333333334
1132,3,2023-02-07,-12.954166666666666
1133,3,2023-02-08,-11.445833333333333
1134,3,2023-02-09,-4.979166666666667
1135,3,2023-02-10,-5.008333333333334
1136,3,2023-02-11,-4.491666666666666
1137,3,2023-02-12,-7.045833333333333
1138,3,2023-02-13,-6.575
1139,3,2023-02-14,-5.758333333333333
1140,3,2023-02-15,-8.720833333333333
1141,3,2023-02-16,-7.3125
1142,3,2023-02-17,-6.733333333333333
1143,3,2023-02-18,-11.408333333333333
1144,3,2023-02-19,-14.091666666666667
1145,3,2023-02-20,-15.704166666666666
1146,3,2023-02-21,-11.041666666666666
1147,3,2023-02-22,-11.512500000000001
1148,3,2023-02-23,-13.491666666666667
1149,3,2023-02-24,-12.395833333333334
1150,3,2023-02-25,-6.345833333333332
1151,3,2023-02-26,-0.3541666666666667
1152,3,2023-02-27,0.1791666666666667
1153,3,2023-02-28,-3.1958333333333333
1154,3,2023-03-01,-4.579166666666667
1155,3,2023-03-02,-6.095833333333334
1156,3,2023-03-03,-6.383333333333333
1157,3,2023-03-04,-1.4916666666666665
1158,3,2023-03-05,-0.725
1159,3,2023-03-06,-1.9000000000000001
1160,3,2023-03-07,-3.408333333333333
1161,3,2023-03-08,-4.0249999999999995
1162,3,2023-03-09,1.8291666666666666
1163,3,2023-03-10,2.0124999999999997
1164,3,2023-03-11,-3.1374999999999997
1165,3,2023-03-12,0.19999999999999996
1166,3,2023-03-13,1.6083333333333334
1167,3,2023-03-14,-1.7166666666666668
1168,3,2023-03-15,2.7125
1169,3,2023-03-16,2.2958333333333334
1170,3,2023-03-17,3.1791666666666667
1171,3,2023-03-18,0.22083333333333335
1172,3,2023-03-19,-1.9666666666666666
1173,3,2023-03-20,1.0791666666666666
1174,3,2023-03-21,2.845833333333333
1175,3,2023-03-22,2.9791666666666665
1176,3,2023-03-23,2.5166666666666666
1177,3,2023-03-24,6.858333333333333
1178,3,2023-03-25,6.295833333333333
1179,3,2023-03-26,8.779166666666667
1180,3,2023-03-27,9.179166666666667
1181,3,2023-03-28,6.183333333333334
1182,3,2023-03-29,3.7125000000000004
1183,3,2023-03-30,6.75
1184,3,2023-03-31,5.0249999999999995
1185,3,2023-04-01,4.483333333333333
1186,3,2023-04-02,7.3125
1187,3,2023-04-03,9.708333333333334
1188,3,2023-04-04,10.508333333333333
1189,3,2023-04-05,11.35
1190,3,2023-04-06,8.191666666666666
1191,3,2023-04-07,4.233333333333333
1192,3,2023-04-08,4.720833333333333
1193,3,2023-04-09,5.95
1194,3,2023-04-10,8.125
1195,3,2023-04-11,7.416666666666667
1196,3,2023-04-12,10.950000000000001
1197,3,2023-04-13,10.316666666666666
1198,3,2023-04-14,1.820833333333333
1199,3,2023-04-15,2.6333333333333333
1200,3,2023-04-16,5.666666666666667
1201,3,2023-04-17,8.620833333333334
1202,3,2023-04-18,12.125
1203,3,2023-04-19,12.166666666666666
1204,3,2023-04-20,11.283333333333333
1205,3,2023-04-21,12.179166666666667
1206,3,2023-04-22,12.2875
1207,3,2023-04-23,13.641666666666666
1208,3,2023-04-24,16.291666666666668
1209,3,2023-04-25,15.720833333333333
1210,3,2023-04-26,14.491666666666667
1211,3,2023-04-27,15.85
1212,3,2023-04-28,16.370833333333334
1213,3,2023-04-29,18.3625
1214,3,2023-04-30,15.549999999999999
1215,3,2023-05-01,21.391666666666666
1216,3,2023-05-02,12.991666666666667
1217,3,2023-05-03,13.6
1218,3,2023-05-04,15.845833333333333
1219,3,2023-05-05,15.004166666666668
1220,3,2023-05-06,8.612499999999999
1221,3,2023-05-07,4.983333333333333
1222,3,2023-05-08,6.158333333333334
1223,3,2023-05-09,8.112499999999999
1224,3,2023-05-10,11.304166666666667
1225,3,2023-05-11,14.404166666666667
1226,3,2023-05-12,15.15
1227,3,2023-05-13,15.970833333333333
1228,3,2023-05-14,12.595833333333333
1229,3,2023-05-15,13.083333333333334
1230,3,2023-05-16,16.816666666666666
1231,3,2023-05-17,18.933333333333334
1232,3,2023-05-18,19.849999999999998
1233,3,2023-05-19,17.1375
1234,3,2023-05-20,16.533333333333335
1235,3,2023-05-21,19.904166666666665
1236,3,2023-05-22,20.983333333333334
1237,3,2023-05-23,22.3625
1238,3,2023-05-24,23.45
1239,3,2023-05-25,24.6125
1240,3,2023-05-26,23.2
1241,3,2023-05-27,23.375
1242,3,2023-05-28,21.925
1243,3,2023-05-29,17.270833333333332
1244,3,2023-05-30,18.495833333333334
1245,3,2023-05-31,20.108333333333334
1246,3,2023-06-01,17.441666666666666
1247,3,2023-06-02,17.770833333333332
1248,3,2023-06-03,20.616666666666667
1249,3,2023-06-04,16.541666666666668
1250,3,2023-06-05,15.291666666666666
1251,3,2023-06-06,16.087500000000002
1252,3,2023-06-07,17.224999999999998
1253,3,2023-06-08,15.9625
1254,3,2023-06-09,16.791666666666668
1255,3,2023-06-10,14.795833333333333
1256,3,2023-06-11,12.441666666666668
1257,3,2023-06-12,13.950000000000001
1258,3,2023-06-13,16.679166666666667
1259,3,2023-06-14,18.650000000000002
1260,3,2023-06-15,21.212500000000002
1261,3,2023-06-16,22.004166666666666
1262,3,2023-06-17,19.429166666666667
1263,3,2023-06-18,14.391666666666667
1264,3,2023-06-19,12.595833333333333
1265,3,2023-06-20,13.012500000000001
1266,3,2023-06-21,12.758333333333333
1267,3,2023-06-22,12.991666666666667
1268,3,2023-06-23,15.683333333333332
1269,3,2023-06-24,16.825
1270,3,2023-06-25,17.516666666666666
1271,3,2023-06-26,18.087500000000002
1272,3,2023-06-27,19.875
1273,3,2023-06-28,22.212500000000002
1274,3,2023-06-29,21.7375
1275,3,2023-06-30,23.816666666666666
1276,3,2023-07-01,20.9875
1277,3,2023-07-02,21.233333333333334
1278,3,2023-07-03,23.558333333333334
1279,3,2023-07-04,24.349999999999998
1280,3,2023-07-05,24.820833333333336
1281,3,2023-07-06,26.2375
1282,3,2023-07-07,24.8125
1283,3,2023-07-08,27.804166666666664
1284,3,2023-07-09,25.2625
1285,3,2023-07-10,27.6375
1286,3,2023-07-11,24.058333333333334
1287,3,2023-07-12,15.154166666666667
1288,3,2023-07-13,18.129166666666666
1289,3,2023-07-14,18.841666666666665
1290,3,2023-07-15,19.583333333333332
1291,3,2023-07-16,18.224999999999998
1292,3,2023-07-17,20.629166666666666
1293,3,2023-07-18,22.90416666666667
1294,3,2023-07-19,20.641666666666666
1295,3,2023-07-20,19.224999999999998
1296,3,2023-07-21,20.337500000000002
1297,3,2023-07-22,19.55
1298,3,2023-07-23,20.358333333333334
1299,3,2023-07-24,19.770833333333332
1300,3,2023-07-25,20.779166666666665
1301,3,2023-07-26,22.483333333333334
1302,3,2023-07-27,25.712500000000002
1303,3,2023-07-28,27.370833333333334
1304,3,2023-07-29,28.287499999999998
1305,3,2023-07-30,24.912499999999998
1306,3,2023-07-31,20.425
1307,3,2023-08-01,20.679166666666667
1308,3,2023-08-02,22.708333333333332
1309,3,2023-08-03,22.808333333333334
1310,3,2023-08-04,24.929166666666664
1311,3,2023-08-05,26.349999999999998
1312,3,2023-08-06,25.058333333333334
1313,3,2023-08-07,23.879166666666666
1314,3,2023-08-08,23.77916666666667
1315,3,2023-08-09,23.316666666666666
1316,3,2023-08-10,25.620833333333334
1317,3,2023-08-11,25.316666666666666
1318,3,2023-08-12,24.054166666666664
1319,3,2023-08-13,24.554166666666664
1320,3,2023-08-14,23.72083333333333
1321,3,2023-08-15,22.962500000000002
1322,3,2023-08-16,21.625
1323,3,2023-08-17,25.570833333333336
1324,3,2023-08-18,26.84166666666667
1325,3,2023-08-19,22.316666666666666
1326,3,2023-08-20,18.129166666666666
1327,3,2023-08-21,17.170833333333334
1328,3,2023-08-22,16.1875
1329,3,2023-08-23,16.087500000000002
1330,3,2023-08-24,15.170833333333334
1331,3,2023-08-25,14.875
1332,3,2023-08-26,14.416666666666666
1333,3,2023-08-27,12.729166666666666
1334,3,2023-08-28,10.754166666666668
1335,3,2023-08-29,14.266666666666666
1336,3,2023-08-30,14.604166666666666
1337,3,2023-08-31,16.270833333333332
1338,3,2023-09-01,17.558333333333334
1339,3,2023-09-02,17.316666666666666
1340,3,2023-09-03,16.766666666666666
1341,3,2023-09-04,17.770833333333332
1342,3,2023-09-05,18.495833333333334
1343,3,2023-09-06,18.779166666666665
1344,3,2023-09-07,12.866666666666667
1345,3,2023-09-08,9.908333333333333
1346,3,2023-09-09,14.291666666666666
1347,3,2023-09-10,15.883333333333333
1348,3,2023-09-11,13.766666666666666
1349,3,2023-09-12,14.041666666666666
1350,3,2023-09-13,15.670833333333334
1351,3,2023-09-14,15.229166666666666
1352,3,2023-09-15,15.758333333333333
1353,3,2023-09-16,15.825000000000001
1354,3,2023-09-17,14.75
1355,3,2023-09-18,13.508333333333333
1356,3,2023-09-19,12.6875
1357,3,2023-09-20,13.7125
1358,3,2023-09-21,18.558333333333334
1359,3,2023-09-22,18.6375
1360,3,2023-09-23,18.245833333333334
1361,3,2023-09-24,18.7375
1362,3,2023-09-25,17.541666666666668
1363,3,2023-09-26,14.237499999999999
1364,3,2023-09-27,13.066666666666668
1365,3,2023-09-28,13.370833333333332
1366,3,2023-09-29,14.254166666666668
1367,3,2023-09-30,12.308333333333332
1368,3,2023-10-01,15.691666666666668
1369,3,2023-10-02,14.387500000000001
1370,3,2023-10-03,12.545833333333334
1371,3,2023-10-04,11.820833333333333
1372,3,2023-10-05,12.991666666666667
1373,3,2023-10-06,11.5
1374,3,2023-10-07,9.762500000000001
1375,3,2023-10-08,6.3374999999999995
1376,3,2023-10-09,3.6999999999999997
1377,3,2023-10-10,4.354166666666667
1378,3,2023-10-11,3.470833333333333
1379,3,2023-10-12,4.854166666666667
1380,3,2023-10-13,9.520833333333334
1381,3,2023-10-14,8.558333333333334
1382,3,2023-10-15,12.245833333333332
1383,3,2023-10-16,13.154166666666667
1384,3,2023-10-17,7.8875
1385,3,2023-10-18,4.454166666666667
1386,3,2023-10-19,4.7375
1387,3,2023-10-20,5.0249999999999995
1388,3,2023-10-21,2.2916666666666665
1389,3,2023-10-22,-0.012499999999999999
1390,3,2023-10-23,1.5833333333333333
1391,3,2023-10-24,1.7625
1392,3,2023-10-25,-0.7000000000000001
1393,3,2023-10-26,-0.5750000000000001
1394,3,2023-10-27,-1.2333333333333334
1395,3,2023-10-28,-0.8958333333333334
1396,3,2023-10-29,0.7458333333333332
1397,3,2023-10-30,-0.25833333333333336
1398,3,2023-10-31,2.5416666666666665
1399,3,2023-11-01,4.7250000000000005
1400,3,2023-11-02,8.275
1401,3,2023-11-03,5.766666666666667
1402,3,2023-11-04,1.3958333333333333
1403,3,2023-11-05,1.0541666666666667
1404,3,2023-11-06,5.6000000000000005
1405,3,2023-11-07,6.379166666666666
1406,3,2023-11-08,6.6125
1407,3,2023-11-09,5.883333333333333
1408,3,2023-11-10,4.8999999999999995
1409,3,2023-11-11,0.44166666666666665
1410,3,2023-11-12,0.6291666666666667
1411,3,2023-11-13,4.8999999999999995
1412,3,2023-11-14,4.866666666666666
1413,3,2023-11-15,2.558333333333333
1414,3,2023-11-16,1.5166666666666666
1415,3,2023-11-17,-1.6083333333333334
1416,3,2023-11-18,-5.891666666666667
1417,3,2023-11-19,-7.295833333333333
1418,3,2023-11-20,-6.629166666666666
1419,3,2023-11-21,-3.35
1420,3,2023-11-22,-7.620833333333334
1421,3,2023-11-23,-10.725
1422,3,2023-11-24,-10.887500000000001
1423,3,2023-11-25,-2.1416666666666666
1424,3,2023-11-26,-0.5041666666666668
1425,3,2023-11-27,1.1708333333333334
1426,3,2023-11-28,-0.5499999999999999
1427,3,2023-11-29,-3.5375
1428,3,2023-11-30,-6.208333333333333
1429,3,2023-12-01,-3.9291666666666667
1430,3,2023-12-02,-5.666666666666667
1431,3,2023-12-03,-9.891666666666667
1432,3,2023-12-04,-4.9750000000000005
1433,3,2023-12-05,-10.908333333333333
1434,3,2023-12-06,-15.25
1435,3,2023-12-07,-21.337500000000002
1436,3,2023-12-08,-25.837500000000002
1437,3,2023-12-09,-26.650000000000002
1438,3,2023-12-10,-22.97083333333333
1439,3,2023-12-11,-20.6625
1440,3,2023-12-12,-18.120833333333334
1441,3,2023-12-13,-16.758333333333333
1442,3,2023-12-14,-12.433333333333332
1443,3,2023-12-15,-11.420833333333334
1444,3,2023-12-16,-11.558333333333332
1445,3,2023-12-17,-10.004166666666666
1446,3,2023-12-18,-1.8583333333333334
1447,3,2023-12-19,-1.4833333333333334
1448,3,2023-12-20,1.3958333333333333
1449,3,2023-12-21,2.1791666666666667
1450,3,2023-12-22,1.0958333333333334
1451,3,2023-12-23,-0.3625
1452,3,2023-12-24,-1.4666666666666668
1453,3,2023-12-25,-1.8458333333333332
1454,3,2023-12-26,-3.345833333333333
1455,3,2023-12-27,-3.7916666666666665
1456,3,2023-12-28,-5.375
1457,3,2023-12-29,-6.8374999999999995
1458,3,2023-12-30,-8.258333333333333
1459,3,2023-12-31,-3.8083333333333336
1460,4,2023-01-01,-8.266666666666667
1461,4,2023-01-02,-3.1791666666666667
1462,4,2023-01-03,-3.125
1463,4,2023-01-04,-7.754166666666666
1464,4,2023-01-05,-17.479166666666668
1465,4,2023-01-06,-10.0625
1466,4,2023-01-07,-28.058333333333334
1467,4,2023-01-08,-29.458333333333332
1468,4,2023-01-09,-31.97083333333333
1469,4,2023-01-10,-29.708333333333332
1470,4,2023-01-11,-26.59166666666667
1471,4,2023-01-12,-20.179166666666667
1472,4,2023-01-13,-14.645833333333334
1473,4,2023-01-14,-15.754166666666668
1474,4,2023-01-15,-15.0625
1475,4,2023-01-16,-15.316666666666668
1476,4,2023-01-17,-15.633333333333333
1477,4,2023-01-18,-13.379166666666668
1478,4,2023-01-19,-15.816666666666668
1479,4,2023-01-20,-17.991666666666667
1480,4,2023-01-21,-16.308333333333334
1481,4,2023-01-22,-12.1875
1482,4,2023-01-23,-11.516666666666666
1483,4,2023-01-24,-9.304166666666667
1484,4,2023-01-25,-13.129166666666668
1485,4,2023-01-26,-9.479166666666666
1486,4,2023-01-27,-7.304166666666667
1487,4,2023-01-28,-8.625
1488,4,2023-01-29,-9.575000000000001
1489,4,2023-01-30,-12.183333333333332
1490,4,2023-01-31,-9.120833333333334
1491,4,2023-02-01,-9.054166666666667
1492,4,2023-02-02,-11.545833333333334
1493,4,2023-02-03,-11.545833333333334
1494,4,2023-02-04,-14.108333333333334
1495,4,2023-02-05,-15.875
1496,4,2023-02-06,-15.5875
1497,4,2023-02-07,-15.475
1498,4,2023-02-08,-16.458333333333332
1499,4,2023-02-09,-8.391666666666667
1500,4,2023-02-10,-5.5874999999999995
1501,4,2023-02-11,-7.4875
1502,4,2023-02-12,-8.241666666666667
1503,4,2023-02-13,-9.1875
1504,4,2023-02-14,-5.125
1505,4,2023-02-15,-9.704166666666667
1506,4,2023-02-16,-5.954166666666667
1507,4,2023-02-17,-6.483333333333333
1508,4,2023-02-18,-13.091666666666667
1509,4,2023-02-19,-17.283333333333335
1510,4,2023-02-20,-13.933333333333332
1511,4,2023-02-21,-6.5874999999999995
1512,4,2023-02-22,-5.9125000000000005
1513,4,2023-02-23,-6.8875
1514,4,2023-02-24,-12.9
1515,4,2023-02-25,-11.354166666666666
1516,4,2023-02-26,-4.654166666666667
1517,4,2023-02-27,-1.3041666666666667
1518,4,2023-02-28,-1.8499999999999999
1519,4,2023-03-01,-5.058333333333334
1520,4,2023-03-02,-7.129166666666666
1521,4,2023-03-03,-9.033333333333333
1522,4,2023-03-04,-2.716666666666667
1523,4,2023-03-05,-1.075
1524,4,2023-03-06,-2.558333333333333
1525,4,2023-03-07,-4.6499999999999995
1526,4,2023-03-08,-5.108333333333333
1527,4,2023-03-09,0.9125
1528,4,2023-03-10,2.7291666666666665
1529,4,2023-03-11,-0.5750000000000001
1530,4,2023-03-12,-1.9208333333333334
1531,4,2023-03-13,3.4875000000000003
1532,4,2023-03-14,-2.15
1533,4,2023-03-15,-1.3625
1534,4,2023-03-16,-1.0625
1535,4,2023-03-17,2.8541666666666665
1536,4,2023-03-18,-0.31666666666666665
1537,4,2023-03-19,-1.8458333333333332
1538,4,2023-03-20,-2.35
1539,4,2023-03-21,0.5166666666666667
1540,4,2023-03-22,2.0416666666666665
1541,4,2023-03-23,2.025
1542,4,2023-03-24,4.85
1543,4,2023-03-25,4.079166666666667
1544,4,2023-03-26,5.195833333333334
1545,4,2023-03-27,7.620833333333334
1546,4,2023-03-28,5.558333333333334
1547,4,2023-03-29,3.9416666666666664
1548,4,2023-03-30,4.683333333333334
1549,4,2023-03-31,6.533333333333334
1550,4,2023-04-01,5.133333333333334
1551,4,2023-04-02,8.391666666666667
1552,4,2023-04-03,10.541666666666666
1553,4,2023-04-04,11.2125
1554,4,2023-04-05,10.408333333333333
1555,4,2023-04-06,9.295833333333333
1556,4,2023-04-07,4.466666666666667
1557,4,2023-04-08,2.816666666666667
1558,4,2023-04-09,4.020833333333333
1559,4,2023-04-10,5.595833333333334
1560,4,2023-04-11,4.5874999999999995
1561,4,2023-04-12,7.291666666666667
1562,4,2023-04-13,9.408333333333333
1563,4,2023-04-14,1.0291666666666666
1564,4,2023-04-15,0.15833333333333324
1565,4,2023-04-16,3.2708333333333335
1566,4,2023-04-17,5.616666666666667
1567,4,2023-04-18,9.429166666666667
1568,4,2023-04-19,10.033333333333333
1569,4,2023-04-20,10.025
1570,4,2023-04-21,10.554166666666667
1571,4,2023-04-22,9.1375
1572,4,2023-04-23,10.35
1573,4,2023-04-24,13.762500000000001
1574,4,2023-04-25,16.1125
1575,4,2023-04-26,16.991666666666667
1576,4,2023-04-27,17.016666666666666
1577,4,2023-04-28,15.5625
1578,4,2023-04-29,15.225
1579,4,2023-04-30,18.7375
1580,4,2023-05-01,20.383333333333333
1581,4,2023-05-02,20.329166666666666
1582,4,2023-05-03,20.766666666666666
1583,4,2023-05-04,18.675
1584,4,2023-05-05,16.95
1585,4,2023-05-06,16.483333333333334
1586,4,2023-05-07,7.454166666666667
1587,4,2023-05-08,5.770833333333333
1588,4,2023-05-09,7.983333333333333
1589,4,2023-05-10,11.0625
1590,4,2023-05-11,12.220833333333333
1591,4,2023-05-12,10.258333333333333
1592,4,2023-05-13,10.266666666666667
1593,4,2023-05-14,12.820833333333333
1594,4,2023-05-15,14.895833333333334
1595,4,2023-05-16,16.175
1596,4,2023-05-17,17.941666666666666
1597,4,2023-05-18,15.262500000000001
1598,4,2023-05-19,13.125
1599,4,2023-05-20,17.604166666666668
1600,4,2023-05-21,18.875
1601,4,2023-05-22,20.1375
1602,4,2023-05-23,21.141666666666666
1603,4,2023-05-24,21.916666666666668
1604,4,2023-05-25,22.195833333333336
1605,4,2023-05-26,22.683333333333334
1606,4,2023-05-27,22.933333333333334
1607,4,2023-05-28,24.462500000000002
1608,4,2023-05-29,23.354166666666668
1609,4,2023-05-30,21.3875
1610,4,2023-05-31,23.9375
1611,4,2023-06-01,23.75
1612,4,2023-06-02,25.395833333333332
1613,4,2023-06-03,23.95
1614,4,2023-06-04,22.90833333333333
1615,4,2023-06-05,18.270833333333332
1616,4,2023-06-06,14.8125
1617,4,2023-06-07,16.0625
1618,4,2023-06-08,16.908333333333335
1619,4,2023-06-09,15.866666666666667
1620,4,2023-06-10,18.029166666666665
1621,4,2023-06-11,13.941666666666668
1622,4,2023-06-12,13.308333333333332
1623,4,2023-06-13,15.620833333333332
1624,4,2023-06-14,18.575
1625,4,2023-06-15,21.095833333333335
1626,4,2023-06-16,19.8625
1627,4,2023-06-17,20.420833333333334
1628,4,2023-06-18,14.354166666666666
1629,4,2023-06-19,10.345833333333333
1630,4,2023-06-20,11.179166666666667
1631,4,2023-06-21,12.445833333333333
1632,4,2023-06-22,12.341666666666667
1633,4,2023-06-23,14.5875
1634,4,2023-06-24,16.345833333333335
1635,4,2023-06-25,15.804166666666667
1636,4,2023-06-26,14.112499999999999
1637,4,2023-06-27,17.545833333333334
1638,4,2023-06-28,19.804166666666667
1639,4,2023-06-29,22.087500000000002
1640,4,2023-06-30,23.599999999999998
1641,4,2023-07-01,24.041666666666668
1642,4,2023-07-02,18.408333333333335
1643,4,2023-07-03,21.71666666666667
1644,4,2023-07-04,23.90416666666667
1645,4,2023-07-05,25.208333333333332
1646,4,2023-07-06,24.8625
1647,4,2023-07-07,24.2
1648,4,2023-07-08,24.587500000000002
1649,4,2023-07-09,27.075
1650,4,2023-07-10,30.829166666666666
1651,4,2023-07-11,32.50416666666667
1652,4,2023-07-12,23.1125
1653,4,2023-07-13,17.358333333333334
1654,4,2023-07-14,17.3875
1655,4,2023-07-15,19.254166666666666
1656,4,2023-07-16,18.320833333333333
1657,4,2023-07-17,18.283333333333335
1658,4,2023-07-18,18.654166666666665
1659,4,2023-07-19,20.441666666666666
1660,4,2023-07-20,20.099999999999998
1661,4,2023-07-21,20.599999999999998
1662,4,2023-07-22,19.383333333333333
1663,4,2023-07-23,19.316666666666666
1664,4,2023-07-24,18.945833333333333
1665,4,2023-07-25,20.783333333333335
1666,4,2023-07-26,22.508333333333336
1667,4,2023-07-27,25.020833333333332
1668,4,2023-07-28,25.645833333333332
1669,4,2023-07-29,25.491666666666664
1670,4,2023-07-30,27.116666666666664
1671,4,2023-07-31,24.583333333333332
1672,4,2023-08-01,20.05
1673,4,2023-08-02,21.754166666666666
1674,4,2023-08-03,23.27916666666667
1675,4,2023-08-04,22.070833333333336
1676,4,2023-08-05,23.087500000000002
1677,4,2023-08-06,23.933333333333334
1678,4,2023-08-07,23.3125
1679,4,2023-08-08,21.516666666666666
1680,4,2023-08-09,22.150000000000002
1681,4,2023-08-10,23.070833333333336
1682,4,2023-08-11,20.354166666666668
1683,4,2023-08-12,20.108333333333334
1684,4,2023-08-13,20.904166666666665
1685,4,2023-08-14,21.320833333333333
1686,4,2023-08-15,23.945833333333336
1687,4,2023-08-16,24.816666666666666
1688,4,2023-08-17,25.34583333333333
1689,4,2023-08-18,24.804166666666664
1690,4,2023-08-19,22.608333333333334
1691,4,2023-08-20,17.266666666666666
1692,4,2023-08-21,13.85
1693,4,2023-08-22,15.5
1694,4,2023-08-23,15.4125
1695,4,2023-08-24,13.333333333333334
1696,4,2023-08-25,13.229166666666666
1697,4,2023-08-26,13.070833333333333
1698,4,2023-08-27,12.483333333333334
1699,4,2023-08-28,9.941666666666666
1700,4,2023-08-29,11.641666666666666
1701,4,2023-08-30,13.058333333333332
1702,4,2023-08-31,13.758333333333333
1703,4,2023-09-01,15.404166666666667
1704,4,2023-09-02,14.266666666666666
1705,4,2023-09-03,13.570833333333333
1706,4,2023-09-04,14.766666666666666
1707,4,2023-09-05,16.345833333333335
1708,4,2023-09-06,16.470833333333335
1709,4,2023-09-07,15.304166666666667
1710,4,2023-09-08,11.145833333333334
1711,4,2023-09-09,13.5875
1712,4,2023-09-10,12.612499999999999
1713,4,2023-09-11,11.7875
1714,4,2023-09-12,14.512500000000001
1715,4,2023-09-13,14.15
1716,4,2023-09-14,14.9625
1717,4,2023-09-15,15.470833333333333
1718,4,2023-09-16,15.070833333333333
1719,4,2023-09-17,13.891666666666666
1720,4,2023-09-18,14.016666666666666
1721,4,2023-09-19,11.058333333333332
1722,4,2023-09-20,9.729166666666666
1723,4,2023-09-21,13.383333333333333
1724,4,2023-09-22,17.150000000000002
1725,4,2023-09-23,16.641666666666666
1726,4,2023-09-24,16.720833333333335
1727,4,2023-09-25,16.724999999999998
1728,4,2023-09-26,14.854166666666666
1729,4,2023-09-27,11.5625
1730,4,2023-09-28,12.583333333333334
1731,4,2023-09-29,12.25
1732,4,2023-09-30,12.104166666666666
1733,4,2023-10-01,11.095833333333333
1734,4,2023-10-02,13.174999999999999
1735,4,2023-10-03,12.833333333333334
1736,4,2023-10-04,12.299999999999999
1737,4,2023-10-05,12.612499999999999
1738,4,2023-10-06,10.641666666666667
1739,4,2023-10-07,9.758333333333333
1740,4,2023-10-08,6.891666666666667
1741,4,2023-10-09,6.529166666666666
1742,4,2023-10-10,4.695833333333334
1743,4,2023-10-11,4.004166666666666
1744,4,2023-10-12,4.0125
1745,4,2023-10-13,5.658333333333334
1746,4,2023-10-14,7.429166666666666
1747,4,2023-10-15,7.795833333333333
1748,4,2023-10-16,11.262500000000001
1749,4,2023-10-17,10.091666666666667
1750,4,2023-10-18,4.433333333333334
1751,4,2023-10-19,5.183333333333334
1752,4,2023-10-20,4.3875
1753,4,2023-10-21,3.2708333333333335
1754,4,2023-10-22,-0.28750000000000003
1755,4,2023-10-23,1.2041666666666666
1756,4,2023-10-24,5.445833333333333
1757,4,2023-10-25,-1.7666666666666666
1758,4,2023-10-26,-2.0166666666666666
1759,4,2023-10-27,-2.4625
1760,4,2023-10-28,-0.6083333333333333
1761,4,2023-10-29,4.170833333333333
1762,4,2023-10-30,1.1416666666666666
1763,4,2023-10-31,1.1375
1764,4,2023-11-01,3.3833333333333333
1765,4,2023-11-02,8.570833333333333
1766,4,2023-11-03,8.137500000000001
1767,4,2023-11-04,1.4416666666666667
1768,4,2023-11-05,-0.125
1769,4,2023-11-06,3.1916666666666664
1770,4,2023-11-07,5.279166666666667
1771,4,2023-11-08,2.983333333333333
1772,4,2023-11-09,4.720833333333333
1773,4,2023-11-10,6.05
1774,4,2023-11-11,4.316666666666666
1775,4,2023-11-12,2.3041666666666667
1776,4,2023-11-13,3.0749999999999997
1777,4,2023-11-14,4.316666666666667
1778,4,2023-11-15,2.1083333333333334
1779,4,2023-11-16,1.4625000000000001
1780,4,2023-11-17,0.9125000000000001
1781,4,2023-11-18,-4.8625
1782,4,2023-11-19,-7.408333333333334
1783,4,2023-11-20,-6.2875000000000005
1784,4,2023-11-21,-0.21666666666666665
1785,4,2023-11-22,0.6166666666666667
1786,4,2023-11-23,-8.704166666666667
1787,4,2023-11-24,-10.733333333333334
1788,4,2023-11-25,-0.8666666666666667
1789,4,2023-11-26,1.3875
1790,4,2023-11-27,2.2291666666666665
1791,4,2023-11-28,0.07916666666666668
1792,4,2023-11-29,-1.2708333333333333
1793,4,2023-11-30,-6.991666666666667
1794,4,2023-12-01,-6.358333333333333
1795,4,2023-12-02,-1.2416666666666667
1796,4,2023-12-03,-6.366666666666667
1797,4,2023-12-04,-2.6416666666666666
1798,4,2023-12-05,-8.870833333333334
1799,4,2023-12-06,-15.5
1800,4,2023-12-07,-22.366666666666664
1801,4,2023-12-08,-26.849999999999998
1802,4,2023-12-09,-29.791666666666668
1803,4,2023-12-10,-27.1375
1804,4,2023-12-11,-25.59583333333333
1805,4,2023-12-12,-27.95
1806,4,2023-12-13,-23.895833333333332
1807,4,2023-12-14,-15.945833333333333
1808,4,2023-12-15,-17.904166666666665
1809,4,2023-12-16,-16.55
1810,4,2023-12-17,-10.479166666666666
1811,4,2023-12-18,-8.208333333333334
1812,4,2023-12-19,-4.004166666666666
1813,4,2023-12-20,-1.8416666666666668
1814,4,2023-12-21,1.5625
1815,4,2023-12-22,0.4583333333333333
1816,4,2023-12-23,-3.6875
1817,4,2023-12-24,-2.225
1818,4,2023-12-25,-1.6291666666666667
1819,4,2023-12-26,-4.454166666666667
1820,4,2023-12-27,-4.129166666666666
1821,4,2023-12-28,-4.054166666666666
1822,4,2023-12-29,-8.291666666666666
1823,4,2023-12-30,-9.554166666666667
1824,4,2023-12-31,-3.5250000000000004
1825,5,2023-01-01,-7.995833333333334
1826,5,2023-01-02,-11.883333333333333
1827,5,2023-01-03,-7.966666666666666
1828,5,2023-01-04,-4.891666666666667
1829,5,2023-01-05,-5.504166666666666
1830,5,2023-01-06,-13.508333333333333
1831,5,2023-01-07,-10.570833333333335
1832,5,2023-01-08,-1.5333333333333332
1833,5,2023-01-09,-19.287499999999998
1834,5,2023-01-10,-29.4375
1835,5,2023-01-11,-32.104166666666664
1836,5,2023-01-12,-25.474999999999998
1837,5,2023-01-13,-15.512500000000001
1838,5,2023-01-14,-13.025
1839,5,2023-01-15,-11.200000000000001
1840,5,2023-01-16,-10.7875
1841,5,2023-01-17,-8.179166666666667
1842,5,2023-01-18,-13.283333333333333
1843,5,2023-01-19,-12.495833333333332
1844,5,2023-01-20,-12.958333333333334
1845,5,2023-01-21,-28.566666666666666
1846,5,2023-01-22,-26.587500000000002
1847,5,2023-01-23,-12.004166666666668
1848,5,2023-01-24,-8.1625
1849,5,2023-01-25,-9.516666666666667
1850,5,2023-01-26,-8.645833333333334
1851,5,2023-01-27,-10.0625
1852,5,2023-01-28,-8.875
1853,5,2023-01-29,-11.154166666666667
1854,5,2023-01-30,-8.345833333333333
1855,5,2023-01-31,-11.745833333333332
1856,5,2023-02-01,-18.55
1857,5,2023-02-02,-21.283333333333335
1858,5,2023-02-03,-17.175
1859,5,2023-02-04,-16.891666666666666
1860,5,2023-02-05,-17.216666666666665
1861,5,2023-02-06,-16.8875
1862,5,2023-02-07,-13.408333333333333
1863,5,2023-02-08,-17.8
1864,5,2023-02-09,-23.34166666666667
1865,5,2023-02-10,-26.1875
1866,5,2023-02-11,-23.208333333333332
1867,5,2023-02-12,-15.375
1868,5,2023-02-13,-14.295833333333334
1869,5,2023-02-14,-21.3875
1870,5,2023-02-15,-23.495833333333334
1871,5,2023-02-16,-18.75
1872,5,2023-02-17,-17.912499999999998
1873,5,2023-02-18,-14.450000000000001
1874,5,2023-02-19,-10.691666666666668
1875,5,2023-02-20,-12.729166666666666
1876,5,2023-02-21,-5.733333333333333
1877,5,2023-02-22,-2.5166666666666666
1878,5,2023-02-23,-0.6083333333333333
1879,5,2023-02-24,0.1958333333333334
1880,5,2023-02-25,-10.1625
1881,5,2023-02-26,-12.5375
1882,5,2023-02-27,-7.283333333333334
1883,5,2023-02-28,-4.108333333333333
1884,5,2023-03-01,-0.9666666666666667
1885,5,2023-03-02,0.7958333333333334
1886,5,2023-03-03,-2.5
1887,5,2023-03-04,-7.016666666666667
1888,5,2023-03-05,-5.175
1889,5,2023-03-06,-4.154166666666667
1890,5,2023-03-07,-1.6916666666666667
1891,5,2023-03-08,-0.9833333333333334
1892,5,2023-03-09,-8.991666666666667
1893,5,2023-03-10,-3.6999999999999997
1894,5,2023-03-11,0.24583333333333335
1895,5,2023-03-12,-1.3916666666666666
1896,5,2023-03-13,-5.266666666666667
1897,5,2023-03-14,-4.179166666666666
1898,5,2023-03-15,-1.875
1899,5,2023-03-16,-1.4708333333333332
1900,5,2023-03-17,-2.0416666666666665
1901,5,2023-03-18,-2.183333333333333
1902,5,2023-03-19,-7.2749999999999995
1903,5,2023-03-20,-11.5
1904,5,2023-03-21,-7.491666666666667
1905,5,2023-03-22,-7.895833333333333
1906,5,2023-03-23,-3.1875
1907,5,2023-03-24,-0.42500000000000004
1908,5,2023-03-25,1.7458333333333333
1909,5,2023-03-26,4.329166666666667
1910,5,2023-03-27,2.3666666666666667
1911,5,2023-03-28,4.2625
1912,5,2023-03-29,6.570833333333333
1913,5,2023-03-30,-4.679166666666666
1914,5,2023-03-31,-6.991666666666667
1915,5,2023-04-01,-6.633333333333333
1916,5,2023-04-02,-5.425
1917,5,2023-04-03,-0.6083333333333334
1918,5,2023-04-04,3.170833333333333
1919,5,2023-04-05,1.0583333333333333
1920,5,2023-04-06,3.7624999999999997
1921,5,2023-04-07,-1.0666666666666667
1922,5,2023-04-08,-6.166666666666667
1923,5,2023-04-09,-2.275
1924,5,2023-04-10,2.4708333333333337
1925,5,2023-04-11,-0.7125
1926,5,2023-04-12,0.12083333333333339
1927,5,2023-04-13,5.358333333333333
1928,5,2023-04-14,-2.0416666666666665
1929,5,2023-04-15,-6.741666666666667
1930,5,2023-04-16,-2.733333333333333
1931,5,2023-04-17,-3.420833333333333
1932,5,2023-04-18,-7.591666666666666
1933,5,2023-04-19,-3.2708333333333335
1934,5,2023-04-20,1.7458333333333333
1935,5,2023-04-21,4.116666666666666
1936,5,2023-04-22,4.391666666666667
1937,5,2023-04-23,7.55
1938,5,2023-04-24,9.808333333333334
1939,5,2023-04-25,3.4375
1940,5,2023-04-26,7.5625
1941,5,2023-04-27,11.958333333333334
1942,5,2023-04-28,18.337500000000002
1943,5,2023-04-29,7.633333333333333
1944,5,2023-04-30,2.9583333333333335
1945,5,2023-05-01,0.6541666666666667
1946,5,2023-05-02,2.058333333333333
1947,5,2023-05-03,6.8625
1948,5,2023-05-04,10.458333333333334
1949,5,2023-05-05,15.083333333333334
1950,5,2023-05-06,17.270833333333332
1951,5,2023-05-07,18.6875
1952,5,2023-05-08,20.108333333333334
1953,5,2023-05-09,13.104166666666666
1954,5,2023-05-10,8.666666666666666
1955,5,2023-05-11,9.091666666666667
1956,5,2023-05-12,7.770833333333333
1957,5,2023-05-13,7.0
1958,5,2023-05-14,8.570833333333333
1959,5,2023-05-15,11.6625
1960,5,2023-05-16,11.645833333333334
1961,5,2023-05-17,5.120833333333334
1962,5,2023-05-18,8.216666666666667
1963,5,2023-05-19,12.4375
1964,5,2023-05-20,15.4
1965,5,2023-05-21,16.8875
1966,5,2023-05-22,18.441666666666666
1967,5,2023-05-23,16.454166666666666
1968,5,2023-05-24,15.1
1969,5,2023-05-25,12.370833333333332
1970,5,2023-05-26,10.979166666666666
1971,5,2023-05-27,12.5875
1972,5,2023-05-28,15.841666666666667
1973,5,2023-05-29,14.133333333333333
1974,5,2023-05-30,16.849999999999998
1975,5,2023-05-31,19.329166666666666
1976,5,2023-06-01,20.579166666666666
1977,5,2023-06-02,22.912499999999998
1978,5,2023-06-03,24.84166666666667
1979,5,2023-06-04,26.650000000000002
1980,5,2023-06-05,27.529166666666665
1981,5,2023-06-06,28.112499999999997
1982,5,2023-06-07,28.125
1983,5,2023-06-08,28.400000000000002
1984,5,2023-06-09,20.75
1985,5,2023-06-10,14.15
1986,5,2023-06-11,16.733333333333334
1987,5,2023-06-12,18.175
1988,5,2023-06-13,14.670833333333334
1989,5,2023-06-14,13.950000000000001
1990,5,2023-06-15,18.7375
1991,5,2023-06-16,19.5
1992,5,2023-06-17,20.845833333333335
1993,5,2023-06-18,17.395833333333332
1994,5,2023-06-19,20.1125
1995,5,2023-06-20,20.2375
1996,5,2023-06-21,16.891666666666666
1997,5,2023-06-22,15.254166666666668
1998,5,2023-06-23,13.133333333333333
1999,5,2023-06-24,13.783333333333333
2000,5,2023-06-25,15.829166666666666
2001,5,2023-06-26,17.858333333333334
2002,5,2023-06-27,18.275000000000002
2003,5,2023-06-28,17.283333333333335
2004,5,2023-06-29,17.20416666666667
2005,5,2023-06-30,17.420833333333334
2006,5,2023-07-01,17.145833333333332
2007,5,2023-07-02,19.7625
2008,5,2023-07-03,20.925
2009,5,2023-07-04,21.59166666666667
2010,5,2023-07-05,23.0625
2011,5,2023-07-06,24.537499999999998
2012,5,2023-07-07,23.925
2013,5,2023-07-08,22.254166666666666
2014,5,2023-07-09,20.6125
2015,5,2023-07-10,20.983333333333334
2016,5,2023-07-11,24.570833333333336
2017,5,2023-07-12,26.441666666666666
2018,5,2023-07-13,27.304166666666664
2019,5,2023-07-14,27.7375
2020,5,2023-07-15,25.541666666666668
2021,5,2023-07-16,18.895833333333332
2022,5,2023-07-17,20.1375
2023,5,2023-07-18,21.620833333333334
2024,5,2023-07-19,23.97083333333333
2025,5,2023-07-20,20.775000000000002
2026,5,2023-07-21,22.558333333333334
2027,5,2023-07-22,21.375
2028,5,2023-07-23,20.425
2029,5,2023-07-24,22.891666666666666
2030,5,2023-07-25,22.208333333333332
2031,5,2023-07-26,22.462500000000002
2032,5,2023-07-27,22.462500000000002
2033,5,2023-07-28,21.96666666666667
2034,5,2023-07-29,21.758333333333336
2035,5,2023-07-30,19.95
2036,5,2023-07-31,21.912499999999998
2037,5,2023-08-01,22.954166666666666
2038,5,2023-08-02,24.383333333333336
2039,5,2023-08-03,24.920833333333334
2040,5,2023-08-04,22.983333333333334
2041,5,2023-08-05,24.133333333333336
2042,5,2023-08-06,19.654166666666665
2043,5,2023-08-07,19.7
2044,5,2023-08-08,20.420833333333334
2045,5,2023-08-09,20.666666666666668
2046,5,2023-08-10,19.875
2047,5,2023-08-11,16.916666666666668
2048,5,2023-08-12,13.924999999999999
2049,5,2023-08-13,12.720833333333333
2050,5,2023-08-14,12.545833333333334
2051,5,2023-08-15,15.275
2052,5,2023-08-16,13.783333333333333
2053,5,2023-08-17,15.5875
2054,5,2023-08-18,15.308333333333332
2055,5,2023-08-19,15.820833333333333
2056,5,2023-08-20,18.408333333333335
2057,5,2023-08-21,16.429166666666667
2058,5,2023-08-22,17.020833333333332
2059,5,2023-08-23,19.837500000000002
2060,5,2023-08-24,24.22083333333333
2061,5,2023-08-25,19.295833333333334
2062,5,2023-08-26,15.004166666666668
2063,5,2023-08-27,16.466666666666665
2064,5,2023-08-28,18.900000000000002
2065,5,2023-08-29,18.820833333333333
2066,5,2023-08-30,18.716666666666665
2067,5,2023-08-31,19.929166666666667
2068,5,2023-09-01,17.358333333333334
2069,5,2023-09-02,17.183333333333334
2070,5,2023-09-03,17.466666666666665
2071,5,2023-09-04,16.724999999999998
2072,5,2023-09-05,13.104166666666666
2073,5,2023-09-06,12.133333333333333
2074,5,2023-09-07,11.479166666666666
2075,5,2023-09-08,12.387500000000001
2076,5,2023-09-09,12.858333333333334
2077,5,2023-09-10,13.633333333333333
2078,5,2023-09-11,12.508333333333333
2079,5,2023-09-12,10.041666666666666
2080,5,2023-09-13,13.012500000000001
2081,5,2023-09-14,13.725000000000001
2082,5,2023-09-15,14.15
2083,5,2023-09-16,14.254166666666668
2084,5,2023-09-17,13.6625
2085,5,2023-09-18,14.133333333333333
2086,5,2023-09-19,14.554166666666667
2087,5,2023-09-20,13.770833333333334
2088,5,2023-09-21,13.65
2089,5,2023-09-22,13.670833333333334
2090,5,2023-09-23,7.916666666666667
2091,5,2023-09-24,5.9125000000000005
2092,5,2023-09-25,4.7375
2093,5,2023-09-26,5.466666666666666
2094,5,2023-09-27,8.358333333333333
2095,5,2023-09-28,8.670833333333333
2096,5,2023-09-29,8.995833333333334
2097,5,2023-09-30,7.629166666666666
2098,5,2023-10-01,2.275
2099,5,2023-10-02,3.3166666666666664
2100,5,2023-10-03,6.216666666666666
2101,5,2023-10-04,6.195833333333333
2102,5,2023-10-05,8.825000000000001
2103,5,2023-10-06,10.891666666666666
2104,5,2023-10-07,10.916666666666666
2105,5,2023-10-08,10.15
2106,5,2023-10-09,12.7875
2107,5,2023-10-10,15.174999999999999
2108,5,2023-10-11,13.695833333333333
2109,5,2023-10-12,6.8875
2110,5,2023-10-13,6.2124999999999995
2111,5,2023-10-14,7.458333333333333
2112,5,2023-10-15,6.345833333333334
2113,5,2023-10-16,6.266666666666667
2114,5,2023-10-17,9.775
2115,5,2023-10-18,9.633333333333333
2116,5,2023-10-19,8.979166666666666
2117,5,2023-10-20,3.841666666666667
2118,5,2023-10-21,4.570833333333334
2119,5,2023-10-22,4.5375000000000005
2120,5,2023-10-23,2.379166666666667
2121,5,2023-10-24,0.55
2122,5,2023-10-25,5.829166666666667
2123,5,2023-10-26,6.866666666666667
2124,5,2023-10-27,-2.966666666666667
2125,5,2023-10-28,-3.595833333333333
2126,5,2023-10-29,-4.358333333333333
2127,5,2023-10-30,-5.045833333333333
2128,5,2023-10-31,-5.466666666666666
2129,5,2023-11-01,-6.0625
2130,5,2023-11-02,-5.354166666666667
2131,5,2023-11-03,-9.225
2132,5,2023-11-04,-4.745833333333334
2133,5,2023-11-05,-3.1999999999999997
2134,5,2023-11-06,-4.745833333333334
2135,5,2023-11-07,-2.0166666666666666
2136,5,2023-11-08,-1.625
2137,5,2023-11-09,-2.0458333333333334
2138,5,2023-11-10,-0.6291666666666667
2139,5,2023-11-11,2.3666666666666667
2140,5,2023-11-12,3.0833333333333335
2141,5,2023-11-13,2.6833333333333336
2142,5,2023-11-14,1.2041666666666666
2143,5,2023-11-15,3.295833333333333
2144,5,2023-11-16,4.425
2145,5,2023-11-17,3.3874999999999997
2146,5,2023-11-18,5.229166666666667
2147,5,2023-11-19,-1.4708333333333332
2148,5,2023-11-20,-8.5
2149,5,2023-11-21,-12.200000000000001
2150,5,2023-11-22,-11.520833333333334
2151,5,2023-11-23,-5.991666666666667
2152,5,2023-11-24,-0.10416666666666667
2153,5,2023-11-25,-2.775
2154,5,2023-11-26,-2.375
2155,5,2023-11-27,-2.8833333333333333
2156,5,2023-11-28,-6.620833333333334
2157,5,2023-11-29,-7.970833333333334
2158,5,2023-11-30,-2.9958333333333336
2159,5,2023-12-01,-0.2708333333333333
2160,5,2023-12-02,-3.0124999999999997
2161,5,2023-12-03,0.037500000000000006
2162,5,2023-12-04,-14.033333333333333
2163,5,2023-12-05,-11.5625
2164,5,2023-12-06,-12.950000000000001
2165,5,2023-12-07,-28.3
2166,5,2023-12-08,-37.40416666666667
2167,5,2023-12-09,-33.979166666666664
2168,5,2023-12-10,-28.425
2169,5,2023-12-11,-30.1875
2170,5,2023-12-12,-31.675
2171,5,2023-12-13,-31.2
2172,5,2023-12-14,-20.566666666666666
2173,5,2023-12-15,-23.02916666666667
2174,5,2023-12-16,-19.379166666666666
2175,5,2023-12-17,-27.3125
2176,5,2023-12-18,-27.28333333333333
2177,5,2023-12-19,-16.575
2178,5,2023-12-20,-6.883333333333333
2179,5,2023-12-21,-6.45
2180,5,2023-12-22,-0.9833333333333334
2181,5,2023-12-23,-2.025
2182,5,2023-12-24,-4.5874999999999995
2183,5,2023-12-25,-8.6625
2184,5,2023-12-26,-1.8708333333333333
2185,5,2023-12-27,-5.2250000000000005
2186,5,2023-12-28,-1.7416666666666665
2187,5,2023-12-29,-0.9249999999999999
2188,5,2023-12-30,-6.166666666666667
2189,5,2023-12-31,-6.033333333333334
2190,6,2023-01-01,-11.941666666666668
2191,6,2023-01-02,-13.195833333333333
2192,6,2023-01-03,-11.279166666666667
2193,6,2023-01-04,-12.058333333333332
2194,6,2023-01-05,-13.545833333333334
2195,6,2023-01-06,-11.591666666666667
2196,6,2023-01-07,-12.8125
2197,6,2023-01-08,-11.262500000000001
2198,6,2023-01-09,-8.941666666666666
2199,6,2023-01-10,-9.304166666666667
2200,6,2023-01-11,-7.1625000000000005
2201,6,2023-01-12,-4.208333333333333
2202,6,2023-01-13,-3.904166666666667
2203,6,2023-01-14,-16.370833333333334
2204,6,2023-01-15,-19.4875
2205,6,2023-01-16,-17.0
2206,6,2023-01-17,-13.125
2207,6,2023-01-18,-11.3375
2208,6,2023-01-19,-6.216666666666666
2209,6,2023-01-20,-14.545833333333334
2210,6,2023-01-21,-17.620833333333334
2211,6,2023-01-22,-20.920833333333334
2212,6,2023-01-23,-22.679166666666664
2213,6,2023-01-24,-22.962500000000002
2214,6,2023-01-25,-19.470833333333335
2215,6,2023-01-26,-17.2375
2216,6,2023-01-27,-17.891666666666666
2217,6,2023-01-28,-16.662499999999998
2218,6,2023-01-29,-15.362499999999999
2219,6,2023-01-30,-13.0875
2220,6,2023-01-31,-10.166666666666666
2221,6,2023-02-01,-10.049999999999999
2222,6,2023-02-02,-11.720833333333333
2223,6,2023-02-03,-14.887500000000001
2224,6,2023-02-04,-13.033333333333333
2225,6,2023-02-05,-9.0
2226,6,2023-02-06,-9.808333333333334
2227,6,2023-02-07,-11.820833333333333
2228,6,2023-02-08,-10.616666666666667
2229,6,2023-02-09,-11.104166666666666
2230,6,2023-02-10,-5.2250000000000005
2231,6,2023-02-11,-2.2416666666666667
2232,6,2023-02-12,-6.4624999999999995
2233,6,2023-02-13,-9.795833333333333
2234,6,2023-02-14,-11.533333333333333
2235,6,2023-02-15,-14.1875
2236,6,2023-02-16,-8.9
2237,6,2023-02-17,-4.620833333333333
2238,6,2023-02-18,-3.404166666666667
2239,6,2023-02-19,-7.683333333333334
2240,6,2023-02-20,-8.183333333333334
2241,6,2023-02-21,-9.475
2242,6,2023-02-22,-7.429166666666667
2243,6,2023-02-23,-4.379166666666666
2244,6,2023-02-24,-6.0
2245,6,2023-02-25,-6.020833333333333
2246,6,2023-02-26,-3.8375000000000004
2247,6,2023-02-27,-0.1625000000000001
2248,6,2023-02-28,1.5916666666666668
2249,6,2023-03-01,-1.1416666666666666
2250,6,2023-03-02,-2.0833333333333335
2251,6,2023-03-03,-1.0916666666666666
2252,6,2023-03-04,-1.4708333333333332
2253,6,2023-03-05,1.25
2254,6,2023-03-06,1.9916666666666665
2255,6,2023-03-07,3.9458333333333333
2256,6,2023-03-08,1.2
2257,6,2023-03-09,1.0083333333333333
2258,6,2023-03-10,1.2416666666666667
2259,6,2023-03-11,1.5208333333333333
2260,6,2023-03-12,-2.6791666666666667
2261,6,2023-03-13,-5.625
2262,6,2023-03-14,-0.5041666666666667
2263,6,2023-03-15,2.0083333333333333
2264,6,2023-03-16,-0.054166666666666675
2265,6,2023-03-17,0.24166666666666659
2266,6,2023-03-18,0.32083333333333336
2267,6,2023-03-19,2.9250000000000003
2268,6,2023-03-20,3.2916666666666665
2269,6,2023-03-21,2.341666666666667
2270,6,2023-03-22,4.079166666666667
2271,6,2023-03-23,5.483333333333333
2272,6,2023-03-24,0.8250000000000001
2273,6,2023-03-25,1.25
2274,6,2023-03-26,1.5166666666666666
2275,6,2023-03-27,2.9375
2276,6,2023-03-28,2.9625
2277,6,2023-03-29,3.1374999999999997
2278,6,2023-03-30,4.233333333333333
2279,6,2023-03-31,7.300000000000001
2280,6,2023-04-01,5.7250000000000005
2281,6,2023-04-02,4.8875
2282,6,2023-04-03,4.920833333333333
2283,6,2023-04-04,8.916666666666666
2284,6,2023-04-05,6.233333333333333
2285,6,2023-04-06,4.6125
2286,6,2023-04-07,5.375
2287,6,2023-04-08,3.1833333333333336
2288,6,2023-04-09,5.1625000000000005
2289,6,2023-04-10,7.575
2290,6,2023-04-11,6.5125
2291,6,2023-04-12,6.195833333333333
2292,6,2023-04-13,7.008333333333333
2293,6,2023-04-14,7.483333333333333
2294,6,2023-04-15,5.566666666666666
2295,6,2023-04-16,5.266666666666667
2296,6,2023-04-17,6.870833333333334
2297,6,2023-04-18,5.675
2298,6,2023-04-19,9.141666666666667
2299,6,2023-04-20,10.145833333333334
2300,6,2023-04-21,8.208333333333334
2301,6,2023-04-22,8.641666666666667
2302,6,2023-04-23,7.870833333333334
2303,6,2023-04-24,9.204166666666667
2304,6,2023-04-25,6.929166666666667
2305,6,2023-04-26,7.3625
2306,6,2023-04-27,8.325000000000001
2307,6,2023-04-28,10.720833333333333
2308,6,2023-04-29,7.8125
2309,6,2023-04-30,8.191666666666666
2310,6,2023-05-01,9.958333333333334
2311,6,2023-05-02,12.15
2312,6,2023-05-03,12.362499999999999
2313,6,2023-05-04,14.395833333333334
2314,6,2023-05-05,11.983333333333334
2315,6,2023-05-06,11.65
2316,6,2023-05-07,11.049999999999999
2317,6,2023-05-08,12.420833333333334
2318,6,2023-05-09,12.483333333333334
2319,6,2023-05-10,10.966666666666667
2320,6,2023-05-11,12.008333333333333
2321,6,2023-05-12,12.3375
2322,6,2023-05-13,12.791666666666666
2323,6,2023-05-14,12.004166666666668
2324,6,2023-05-15,11.216666666666667
2325,6,2023-05-16,13.004166666666668
2326,6,2023-05-17,13.316666666666665
2327,6,2023-05-18,14.5875
2328,6,2023-05-19,14.516666666666666
2329,6,2023-05-20,11.529166666666667
2330,6,2023-05-21,14.229166666666666
2331,6,2023-05-22,14.716666666666667
2332,6,2023-05-23,13.695833333333333
2333,6,2023-05-24,13.891666666666666
2334,6,2023-05-25,15.066666666666668
2335,6,2023-05-26,13.933333333333332
2336,6,2023-05-27,15.966666666666667
2337,6,2023-05-28,17.008333333333333
2338,6,2023-05-29,17.170833333333334
2339,6,2023-05-30,16.104166666666668
2340,6,2023-05-31,17.6375
2341,6,2023-06-01,16.358333333333334
2342,6,2023-06-02,16.158333333333335
2343,6,2023-06-03,16.808333333333334
2344,6,2023-06-04,15.4375
2345,6,2023-06-05,18.283333333333335
2346,6,2023-06-06,17.304166666666667
2347,6,2023-06-07,18.195833333333333
2348,6,2023-06-08,17.995833333333334
2349,6,2023-06-09,15.6625
2350,6,2023-06-10,16.0125
2351,6,2023-06-11,17.1875
2352,6,2023-06-12,16.75
2353,6,2023-06-13,17.150000000000002
2354,6,2023-06-14,16.795833333333334
2355,6,2023-06-15,17.191666666666666
2356,6,2023-06-16,18.633333333333333
2357,6,2023-06-17,22.758333333333336
2358,6,2023-06-18,20.691666666666666
2359,6,2023-06-19,20.195833333333333
2360,6,2023-06-20,19.191666666666666
2361,6,2023-06-21,18.191666666666666
2362,6,2023-06-22,17.516666666666666
2363,6,2023-06-23,18.666666666666668
2364,6,2023-06-24,18.6125
2365,6,2023-06-25,18.908333333333335
2366,6,2023-06-26,19.583333333333332
2367,6,2023-06-27,19.087500000000002
2368,6,2023-06-28,20.445833333333333
2369,6,2023-06-29,20.008333333333333
2370,6,2023-06-30,19.212500000000002
2371,6,2023-07-01,18.154166666666665
2372,6,2023-07-02,21.47083333333333
2373,6,2023-07-03,20.9375
2374,6,2023-07-04,21.129166666666666
2375,6,2023-07-05,19.087500000000002
2376,6,2023-07-06,20.974999999999998
2377,6,2023-07-07,20.75
2378,6,2023-07-08,19.654166666666665
2379,6,2023-07-09,21.037499999999998
2380,6,2023-07-10,21.208333333333332
2381,6,2023-07-11,22.537499999999998
2382,6,2023-07-12,23.183333333333334
2383,6,2023-07-13,22.724999999999998
2384,6,2023-07-14,19.495833333333334
2385,6,2023-07-15,20.2
2386,6,2023-07-16,19.379166666666666
2387,6,2023-07-17,20.429166666666667
2388,6,2023-07-18,20.645833333333332
2389,6,2023-07-19,21.816666666666666
2390,6,2023-07-20,21.641666666666666
2391,6,2023-07-21,22.354166666666668
2392,6,2023-07-22,22.820833333333336
2393,6,2023-07-23,22.325
2394,6,2023-07-24,23.520833333333332
2395,6,2023-07-25,23.870833333333334
2396,6,2023-07-26,24.6125
2397,6,2023-07-27,26.116666666666664
2398,6,2023-07-28,26.412499999999998
2399,6,2023-07-29,26.770833333333332
2400,6,2023-07-30,26.3125
2401,6,2023-07-31,26.729166666666668
2402,6,2023-08-01,26.8
2403,6,2023-08-02,26.337500000000002
2404,6,2023-08-03,26.308333333333334
2405,6,2023-08-04,24.179166666666664
2406,6,2023-08-05,21.8125
2407,6,2023-08-06,21.2375
2408,6,2023-08-07,20.224999999999998
2409,6,2023-08-08,20.025000000000002
2410,6,2023-08-09,21.712500000000002
2411,6,2023-08-10,21.695833333333336
2412,6,2023-08-11,22.849999999999998
2413,6,2023-08-12,22.3625
2414,6,2023-08-13,20.691666666666666
2415,6,2023-08-14,20.966666666666665
2416,6,2023-08-15,23.662499999999998
2417,6,2023-08-16,23.291666666666668
2418,6,2023-08-17,24.458333333333332
2419,6,2023-08-18,23.945833333333336
2420,6,2023-08-19,24.054166666666664
2421,6,2023-08-20,24.541666666666668
2422,6,2023-08-21,23.945833333333336
2423,6,2023-08-22,24.900000000000002
2424,6,2023-08-23,22.320833333333336
2425,6,2023-08-24,24.183333333333334
2426,6,2023-08-25,20.070833333333333
2427,6,2023-08-26,22.391666666666666
2428,6,2023-08-27,22.070833333333336
2429,6,2023-08-28,21.879166666666666
2430,6,2023-08-29,20.108333333333334
2431,6,2023-08-30,21.912499999999998
2432,6,2023-08-31,19.925
2433,6,2023-09-01,20.820833333333333
2434,6,2023-09-02,21.108333333333334
2435,6,2023-09-03,21.133333333333333
2436,6,2023-09-04,21.729166666666668
2437,6,2023-09-05,21.645833333333332
2438,6,2023-09-06,18.745833333333334
2439,6,2023-09-07,20.679166666666667
2440,6,2023-09-08,20.908333333333335
2441,6,2023-09-09,21.041666666666668
2442,6,2023-09-10,19.9875
2443,6,2023-09-11,21.175
2444,6,2023-09-12,19.779166666666665
2445,6,2023-09-13,17.466666666666665
2446,6,2023-09-14,18.008333333333333
2447,6,2023-09-15,19.170833333333334
2448,6,2023-09-16,20.275000000000002
2449,6,2023-09-17,18.337500000000002
2450,6,2023-09-18,20.724999999999998
2451,6,2023-09-19,19.462500000000002
2452,6,2023-09-20,13.445833333333333
2453,6,2023-09-21,14.141666666666666
2454,6,2023-09-22,16.783333333333335
2455,6,2023-09-23,14.65
2456,6,2023-09-24,16.366666666666667
2457,6,2023-09-25,17.441666666666666
2458,6,2023-09-26,18.683333333333334
2459,6,2023-09-27,18.983333333333334
2460,6,2023-09-28,17.858333333333334
2461,6,2023-09-29,18.308333333333334
2462,6,2023-09-30,16.599999999999998
2463,6,2023-10-01,13.558333333333332
2464,6,2023-10-02,13.375
2465,6,2023-10-03,16.537499999999998
2466,6,2023-10-04,15.195833333333333
2467,6,2023-10-05,11.795833333333334
2468,6,2023-10-06,12.420833333333334
2469,6,2023-10-07,10.970833333333333
2470,6,2023-10-08,12.433333333333335
2471,6,2023-10-09,13.391666666666666
2472,6,2023-10-10,11.85
2473,6,2023-10-11,11.8125
2474,6,2023-10-12,12.200000000000001
2475,6,2023-10-13,13.525
2476,6,2023-10-14,13.420833333333334
2477,6,2023-10-15,12.658333333333333
2478,6,2023-10-16,9.966666666666667
2479,6,2023-10-17,9.558333333333334
2480,6,2023-10-18,12.320833333333333
2481,6,2023-10-19,10.808333333333332
2482,6,2023-10-20,5.966666666666666
2483,6,2023-10-21,4.866666666666666
2484,6,2023-10-22,7.208333333333333
2485,6,2023-10-23,8.941666666666666
2486,6,2023-10-24,11.637500000000001
2487,6,2023-10-25,11.533333333333333
2488,6,2023-10-26,10.504166666666666
2489,6,2023-10-27,6.6375
2490,6,2023-10-28,5.629166666666666
2491,6,2023-10-29,6.470833333333334
2492,6,2023-10-30,10.666666666666666
2493,6,2023-10-31,11.933333333333332
2494,6,2023-11-01,5.608333333333333
2495,6,2023-11-02,8.404166666666667
2496,6,2023-11-03,3.783333333333333
2497,6,2023-11-04,0.6791666666666667
2498,6,2023-11-05,3.658333333333333
2499,6,2023-11-06,1.7750000000000001
2500,6,2023-11-07,-1.3583333333333334
2501,6,2023-11-08,1.8916666666666666
2502,6,2023-11-09,1.5708333333333335
2503,6,2023-11-10,-3.0875
2504,6,2023-11-11,-4.216666666666667
2505,6,2023-11-12,-5.270833333333333
2506,6,2023-11-13,-1.1375
2507,6,2023-11-14,-1.5666666666666667
2508,6,2023-11-15,0.6375000000000001
2509,6,2023-11-16,5.220833333333333
2510,6,2023-11-17,-0.6875
2511,6,2023-11-18,0.11666666666666665
2512,6,2023-11-19,-0.2791666666666667
2513,6,2023-11-20,1.9124999999999999
2514,6,2023-11-21,4.975
2515,6,2023-11-22,4.020833333333333
2516,6,2023-11-23,-1.9208333333333334
2517,6,2023-11-24,-7.375
2518,6,2023-11-25,-6.9875
2519,6,2023-11-26,-4.7625
2520,6,2023-11-27,-7.004166666666666
2521,6,2023-11-28,-9.354166666666666
2522,6,2023-11-29,-10.141666666666667
2523,6,2023-11-30,-8.920833333333333
2524,6,2023-12-01,-7.908333333333334
2525,6,2023-12-02,-6.033333333333334
2526,6,2023-12-03,-3.608333333333333
2527,6,2023-12-04,1.5041666666666667
2528,6,2023-12-05,1.0250000000000001
2529,6,2023-12-06,2.6625
2530,6,2023-12-07,-3.2458333333333336
2531,6,2023-12-08,0.5708333333333333
2532,6,2023-12-09,-3.045833333333333
2533,6,2023-12-10,-10.320833333333333
2534,6,2023-12-11,-12.654166666666667
2535,6,2023-12-12,-12.879166666666668
2536,6,2023-12-13,-11.829166666666666
2537,6,2023-12-14,-12.341666666666667
2538,6,2023-12-15,-14.879166666666668
2539,6,2023-12-16,-16.145833333333332
2540,6,2023-12-17,-15.666666666666666
2541,6,2023-12-18,-15.15
2542,6,2023-12-19,-16.3125
2543,6,2023-12-20,-18.416666666666668
2544,6,2023-12-21,-18.720833333333335
2545,6,2023-12-22,-15.924999999999999
2546,6,2023-12-23,-12.9
2547,6,2023-12-24,-10.808333333333332
2548,6,2023-12-25,-8.887500000000001
2549,6,2023-12-26,-7.058333333333334
2550,6,2023-12-27,-9.970833333333333
2551,6,2023-12-28,-8.5375
2552,6,2023-12-29,-7.6499999999999995
2553,6,2023-12-30,-6.375
2554,6,2023-12-31,-11.612499999999999
